<annotation><folder>converted_labels</folder><filename>pos-228.jpg</filename><path>D:\PycharmProjects\convert\converted_labels\pos-228.jpg</path><source><database>Unknown</database></source><size><width>480</width><height>360</height><depth>3</depth></size><segmented>0</segmented><object><name>al</name><pose>Unspecified</pose><truncated>0</truncated><difficult>0</difficult><bndbox><xmin>109</xmin><ymin>188</ymin><xmax>236</xmax><ymax>317</ymax></bndbox></object><object><name>al</name><pose>Unspecified</pose><truncated>0</truncated><difficult>0</difficult><bndbox><xmin>241</xmin><ymin>185</ymin><xmax>371</xmax><ymax>318</ymax></bndbox></object><object><name>al</name><pose>Unspecified</pose><truncated>0</truncated><difficult>0</difficult><bndbox><xmin>379</xmin><ymin>184</ymin><xmax>481</xmax><ymax>313</ymax></bndbox></object></annotation>