<annotation><folder>converted_labels</folder><filename>pos-259.jpg</filename><path>D:\PycharmProjects\convert\converted_labels\pos-259.jpg</path><source><database>Unknown</database></source><size><width>950</width><height>713</height><depth>3</depth></size><segmented>0</segmented><object><name>al</name><pose>Unspecified</pose><truncated>0</truncated><difficult>0</difficult><bndbox><xmin>650</xmin><ymin>411</ymin><xmax>670</xmax><ymax>436</ymax></bndbox></object><object><name>al</name><pose>Unspecified</pose><truncated>0</truncated><difficult>0</difficult><bndbox><xmin>859</xmin><ymin>432</ymin><xmax>874</xmax><ymax>450</ymax></bndbox></object></annotation>