<annotation><folder>converted_labels</folder><filename>pos-174.jpg</filename><path>D:\PycharmProjects\convert\converted_labels\pos-174.jpg</path><source><database>Unknown</database></source><size><width>348</width><height>348</height><depth>3</depth></size><segmented>0</segmented><object><name>al</name><pose>Unspecified</pose><truncated>0</truncated><difficult>0</difficult><bndbox><xmin>37</xmin><ymin>203</ymin><xmax>100</xmax><ymax>284</ymax></bndbox></object><object><name>al</name><pose>Unspecified</pose><truncated>0</truncated><difficult>0</difficult><bndbox><xmin>136</xmin><ymin>176</ymin><xmax>200</xmax><ymax>253</ymax></bndbox></object><object><name>al</name><pose>Unspecified</pose><truncated>0</truncated><difficult>0</difficult><bndbox><xmin>218</xmin><ymin>228</ymin><xmax>272</xmax><ymax>284</ymax></bndbox></object></annotation>