<annotation><folder>converted_labels</folder><filename>pos-33.jpg</filename><path>D:\PycharmProjects\convert\converted_labels\pos-33.jpg</path><source><database>Unknown</database></source><size><width>800</width><height>640</height><depth>3</depth></size><segmented>0</segmented><object><name>al</name><pose>Unspecified</pose><truncated>0</truncated><difficult>0</difficult><bndbox><xmin>60</xmin><ymin>217</ymin><xmax>441</xmax><ymax>589</ymax></bndbox></object><object><name>al</name><pose>Unspecified</pose><truncated>0</truncated><difficult>0</difficult><bndbox><xmin>417</xmin><ymin>209</ymin><xmax>751</xmax><ymax>546</ymax></bndbox></object></annotation>