<annotation><folder>converted_labels</folder><filename>pos-240.jpg</filename><path>D:\PycharmProjects\convert\converted_labels\pos-240.jpg</path><source><database>Unknown</database></source><size><width>299</width><height>199</height><depth>3</depth></size><segmented>0</segmented><object><name>al</name><pose>Unspecified</pose><truncated>0</truncated><difficult>0</difficult><bndbox><xmin>4</xmin><ymin>77</ymin><xmax>117</xmax><ymax>193</ymax></bndbox></object><object><name>al</name><pose>Unspecified</pose><truncated>0</truncated><difficult>0</difficult><bndbox><xmin>172</xmin><ymin>69</ymin><xmax>233</xmax><ymax>127</ymax></bndbox></object></annotation>