<annotation><folder>converted_labels</folder><filename>pos-217.jpg</filename><path>D:\PycharmProjects\convert\converted_labels\pos-217.jpg</path><source><database>Unknown</database></source><size><width>1195</width><height>557</height><depth>3</depth></size><segmented>0</segmented><object><name>al</name><pose>Unspecified</pose><truncated>0</truncated><difficult>0</difficult><bndbox><xmin>533</xmin><ymin>332</ymin><xmax>560</xmax><ymax>359</ymax></bndbox></object><object><name>al</name><pose>Unspecified</pose><truncated>0</truncated><difficult>0</difficult><bndbox><xmin>612</xmin><ymin>374</ymin><xmax>638</xmax><ymax>403</ymax></bndbox></object></annotation>