<annotation><folder>converted_labels</folder><filename>pos-257.jpg</filename><path>D:\PycharmProjects\convert\converted_labels\pos-257.jpg</path><source><database>Unknown</database></source><size><width>900</width><height>600</height><depth>3</depth></size><segmented>0</segmented><object><name>al</name><pose>Unspecified</pose><truncated>0</truncated><difficult>0</difficult><bndbox><xmin>326</xmin><ymin>440</ymin><xmax>350</xmax><ymax>464</ymax></bndbox></object><object><name>al</name><pose>Unspecified</pose><truncated>0</truncated><difficult>0</difficult><bndbox><xmin>791</xmin><ymin>351</ymin><xmax>804</xmax><ymax>369</ymax></bndbox></object></annotation>