<annotation><folder>converted_labels</folder><filename>pos-28.jpg</filename><path>D:\PycharmProjects\convert\converted_labels\pos-28.jpg</path><source><database>Unknown</database></source><size><width>600</width><height>400</height><depth>3</depth></size><segmented>0</segmented><object><name>al</name><pose>Unspecified</pose><truncated>0</truncated><difficult>0</difficult><bndbox><xmin>108</xmin><ymin>132</ymin><xmax>202</xmax><ymax>240</ymax></bndbox></object><object><name>al</name><pose>Unspecified</pose><truncated>0</truncated><difficult>0</difficult><bndbox><xmin>43</xmin><ymin>198</ymin><xmax>151</xmax><ymax>307</ymax></bndbox></object><object><name>al</name><pose>Unspecified</pose><truncated>0</truncated><difficult>0</difficult><bndbox><xmin>151</xmin><ymin>211</ymin><xmax>253</xmax><ymax>310</ymax></bndbox></object></annotation>