<annotation><folder>converted_labels</folder><filename>pos-218.jpg</filename><path>D:\PycharmProjects\convert\converted_labels\pos-218.jpg</path><source><database>Unknown</database></source><size><width>1194</width><height>564</height><depth>3</depth></size><segmented>0</segmented><object><name>al</name><pose>Unspecified</pose><truncated>0</truncated><difficult>0</difficult><bndbox><xmin>468</xmin><ymin>369</ymin><xmax>502</xmax><ymax>398</ymax></bndbox></object><object><name>al</name><pose>Unspecified</pose><truncated>0</truncated><difficult>0</difficult><bndbox><xmin>559</xmin><ymin>422</ymin><xmax>590</xmax><ymax>449</ymax></bndbox></object></annotation>