<annotation><folder>converted_labels</folder><filename>pos-219.jpg</filename><path>D:\PycharmProjects\convert\converted_labels\pos-219.jpg</path><source><database>Unknown</database></source><size><width>1190</width><height>556</height><depth>3</depth></size><segmented>0</segmented><object><name>al</name><pose>Unspecified</pose><truncated>0</truncated><difficult>0</difficult><bndbox><xmin>452</xmin><ymin>368</ymin><xmax>484</xmax><ymax>396</ymax></bndbox></object><object><name>al</name><pose>Unspecified</pose><truncated>0</truncated><difficult>0</difficult><bndbox><xmin>540</xmin><ymin>437</ymin><xmax>570</xmax><ymax>467</ymax></bndbox></object></annotation>