<annotation><folder>converted_labels</folder><filename>pos-212.jpg</filename><path>D:\PycharmProjects\convert\converted_labels\pos-212.jpg</path><source><database>Unknown</database></source><size><width>1085</width><height>555</height><depth>3</depth></size><segmented>0</segmented><object><name>al</name><pose>Unspecified</pose><truncated>0</truncated><difficult>0</difficult><bndbox><xmin>415</xmin><ymin>439</ymin><xmax>444</xmax><ymax>466</ymax></bndbox></object><object><name>al</name><pose>Unspecified</pose><truncated>0</truncated><difficult>0</difficult><bndbox><xmin>496</xmin><ymin>382</ymin><xmax>518</xmax><ymax>407</ymax></bndbox></object></annotation>