<annotation><folder>converted_labels</folder><filename>pos-253.jpg</filename><path>D:\PycharmProjects\convert\converted_labels\pos-253.jpg</path><source><database>Unknown</database></source><size><width>620</width><height>215</height><depth>3</depth></size><segmented>0</segmented><object><name>al</name><pose>Unspecified</pose><truncated>0</truncated><difficult>0</difficult><bndbox><xmin>260</xmin><ymin>62</ymin><xmax>306</xmax><ymax>112</ymax></bndbox></object><object><name>al</name><pose>Unspecified</pose><truncated>0</truncated><difficult>0</difficult><bndbox><xmin>179</xmin><ymin>124</ymin><xmax>216</xmax><ymax>166</ymax></bndbox></object><object><name>al</name><pose>Unspecified</pose><truncated>0</truncated><difficult>0</difficult><bndbox><xmin>249</xmin><ymin>198</ymin><xmax>275</xmax><ymax>216</ymax></bndbox></object><object><name>al</name><pose>Unspecified</pose><truncated>0</truncated><difficult>0</difficult><bndbox><xmin>532</xmin><ymin>122</ymin><xmax>549</xmax><ymax>144</ymax></bndbox></object></annotation>