<annotation><folder>converted_labels</folder><filename>pos-207.jpg</filename><path>D:\PycharmProjects\convert\converted_labels\pos-207.jpg</path><source><database>Unknown</database></source><size><width>1192</width><height>565</height><depth>3</depth></size><segmented>0</segmented><object><name>al</name><pose>Unspecified</pose><truncated>0</truncated><difficult>0</difficult><bndbox><xmin>519</xmin><ymin>352</ymin><xmax>548</xmax><ymax>378</ymax></bndbox></object><object><name>al</name><pose>Unspecified</pose><truncated>0</truncated><difficult>0</difficult><bndbox><xmin>594</xmin><ymin>303</ymin><xmax>619</xmax><ymax>332</ymax></bndbox></object></annotation>