<annotation><folder>converted_labels</folder><filename>pos-256.jpg</filename><path>D:\PycharmProjects\convert\converted_labels\pos-256.jpg</path><source><database>Unknown</database></source><size><width>600</width><height>483</height><depth>3</depth></size><segmented>0</segmented><object><name>al</name><pose>Unspecified</pose><truncated>0</truncated><difficult>0</difficult><bndbox><xmin>353</xmin><ymin>279</ymin><xmax>452</xmax><ymax>388</ymax></bndbox></object><object><name>al</name><pose>Unspecified</pose><truncated>0</truncated><difficult>0</difficult><bndbox><xmin>267</xmin><ymin>193</ymin><xmax>353</xmax><ymax>296</ymax></bndbox></object><object><name>al</name><pose>Unspecified</pose><truncated>0</truncated><difficult>0</difficult><bndbox><xmin>76</xmin><ymin>163</ymin><xmax>204</xmax><ymax>296</ymax></bndbox></object></annotation>