<annotation><folder>converted_labels</folder><filename>pos-233.jpg</filename><path>D:\PycharmProjects\convert\converted_labels\pos-233.jpg</path><source><database>Unknown</database></source><size><width>900</width><height>900</height><depth>3</depth></size><segmented>0</segmented><object><name>al</name><pose>Unspecified</pose><truncated>0</truncated><difficult>0</difficult><bndbox><xmin>260</xmin><ymin>570</ymin><xmax>394</xmax><ymax>759</ymax></bndbox></object><object><name>al</name><pose>Unspecified</pose><truncated>0</truncated><difficult>0</difficult><bndbox><xmin>333</xmin><ymin>369</ymin><xmax>459</xmax><ymax>547</ymax></bndbox></object><object><name>al</name><pose>Unspecified</pose><truncated>0</truncated><difficult>0</difficult><bndbox><xmin>451</xmin><ymin>570</ymin><xmax>597</xmax><ymax>753</ymax></bndbox></object><object><name>al</name><pose>Unspecified</pose><truncated>0</truncated><difficult>0</difficult><bndbox><xmin>530</xmin><ymin>365</ymin><xmax>643</xmax><ymax>536</ymax></bndbox></object></annotation>