<annotation><folder>converted_labels</folder><filename>pos-180.jpg</filename><path>D:\PycharmProjects\convert\converted_labels\pos-180.jpg</path><source><database>Unknown</database></source><size><width>250</width><height>250</height><depth>3</depth></size><segmented>0</segmented><object><name>al</name><pose>Unspecified</pose><truncated>0</truncated><difficult>0</difficult><bndbox><xmin>130</xmin><ymin>135</ymin><xmax>196</xmax><ymax>217</ymax></bndbox></object><object><name>al</name><pose>Unspecified</pose><truncated>0</truncated><difficult>0</difficult><bndbox><xmin>53</xmin><ymin>135</ymin><xmax>113</xmax><ymax>216</ymax></bndbox></object></annotation>