<annotation><folder>converted_labels</folder><filename>pos-248.jpg</filename><path>D:\PycharmProjects\convert\converted_labels\pos-248.jpg</path><source><database>Unknown</database></source><size><width>740</width><height>460</height><depth>3</depth></size><segmented>0</segmented><object><name>al</name><pose>Unspecified</pose><truncated>0</truncated><difficult>0</difficult><bndbox><xmin>67</xmin><ymin>77</ymin><xmax>200</xmax><ymax>208</ymax></bndbox></object><object><name>al</name><pose>Unspecified</pose><truncated>0</truncated><difficult>0</difficult><bndbox><xmin>220</xmin><ymin>73</ymin><xmax>354</xmax><ymax>208</ymax></bndbox></object><object><name>al</name><pose>Unspecified</pose><truncated>0</truncated><difficult>0</difficult><bndbox><xmin>387</xmin><ymin>75</ymin><xmax>510</xmax><ymax>206</ymax></bndbox></object><object><name>al</name><pose>Unspecified</pose><truncated>0</truncated><difficult>0</difficult><bndbox><xmin>538</xmin><ymin>77</ymin><xmax>670</xmax><ymax>208</ymax></bndbox></object></annotation>