<annotation><folder>converted_labels</folder><filename>pos-255.jpg</filename><path>D:\PycharmProjects\convert\converted_labels\pos-255.jpg</path><source><database>Unknown</database></source><size><width>300</width><height>352</height><depth>3</depth></size><segmented>0</segmented><object><name>al</name><pose>Unspecified</pose><truncated>0</truncated><difficult>0</difficult><bndbox><xmin>96</xmin><ymin>89</ymin><xmax>144</xmax><ymax>137</ymax></bndbox></object><object><name>al</name><pose>Unspecified</pose><truncated>0</truncated><difficult>0</difficult><bndbox><xmin>107</xmin><ymin>55</ymin><xmax>132</xmax><ymax>84</ymax></bndbox></object></annotation>