<annotation><folder>converted_labels</folder><filename>pos-216.jpg</filename><path>D:\PycharmProjects\convert\converted_labels\pos-216.jpg</path><source><database>Unknown</database></source><size><width>1195</width><height>558</height><depth>3</depth></size><segmented>0</segmented><object><name>al</name><pose>Unspecified</pose><truncated>0</truncated><difficult>0</difficult><bndbox><xmin>486</xmin><ymin>416</ymin><xmax>511</xmax><ymax>445</ymax></bndbox></object><object><name>al</name><pose>Unspecified</pose><truncated>0</truncated><difficult>0</difficult><bndbox><xmin>538</xmin><ymin>380</ymin><xmax>573</xmax><ymax>411</ymax></bndbox></object></annotation>