<annotation><folder>converted_labels</folder><filename>pos-215.jpg</filename><path>D:\PycharmProjects\convert\converted_labels\pos-215.jpg</path><source><database>Unknown</database></source><size><width>1192</width><height>563</height><depth>3</depth></size><segmented>0</segmented><object><name>al</name><pose>Unspecified</pose><truncated>0</truncated><difficult>0</difficult><bndbox><xmin>487</xmin><ymin>381</ymin><xmax>508</xmax><ymax>402</ymax></bndbox></object><object><name>al</name><pose>Unspecified</pose><truncated>0</truncated><difficult>0</difficult><bndbox><xmin>528</xmin><ymin>356</ymin><xmax>553</xmax><ymax>377</ymax></bndbox></object></annotation>