date,energy,temp,humidity,day
1/11/2016 17:00,55,6.308333333,92,Monday
1/11/2016 18:00,176.6666667,5.941666667,91.58333333,Monday
1/12/2016 9:00,43.33333333,5.008333333,91,Tuesday
1/12/2016 10:00,230,5.758333333,88.91666667,Tuesday
1/12/2016 11:00,55,6.65,83.91666667,Tuesday
1/12/2016 12:00,186.6666667,7.208333333,80.16666667,Tuesday
1/12/2016 13:00,151.6666667,7.291666667,79.83333333,Tuesday
1/12/2016 14:00,136.6666667,6.958333333,78.91666667,Tuesday
1/12/2016 15:00,36.66666667,6.65,78.5,Tuesday
1/12/2016 16:00,40,6.383333333,79.08333333,Tuesday
1/12/2016 17:00,218.3333333,6.041666667,79.16666667,Tuesday
1/12/2016 18:00,58.33333333,5.15,87.5,Tuesday
1/13/2016 9:00,220,5,88,Wednesday
1/13/2016 10:00,66.66666667,5.208333333,85.08333333,Wednesday
1/13/2016 11:00,60,5.708333333,78.91666667,Wednesday
1/13/2016 12:00,41.66666667,5.791666667,76.83333333,Wednesday
1/13/2016 13:00,35,6.083333333,75.08333333,Wednesday
1/13/2016 14:00,45,6.65,70.16666667,Wednesday
1/13/2016 15:00,41.66666667,6.341666667,66.5,Wednesday
1/13/2016 16:00,80,5.816666667,66.33333333,Wednesday
1/13/2016 17:00,96.66666667,4.458333333,73.5,Wednesday
1/13/2016 18:00,111.6666667,3.283333333,82,Wednesday
1/14/2016 9:00,168.3333333,1.55,96.75,Thursday
1/14/2016 10:00,538.3333333,2.066666667,94.16666667,Thursday
1/14/2016 11:00,238.3333333,2.55,92.58333333,Thursday
1/14/2016 12:00,283.3333333,3.441666667,90.33333333,Thursday
1/14/2016 13:00,70,4.45,86.75,Thursday
1/14/2016 14:00,130,5.091666667,84.58333333,Thursday
1/14/2016 15:00,51.66666667,5.458333333,81.91666667,Thursday
1/14/2016 16:00,308.3333333,5.066666667,77.75,Thursday
1/14/2016 17:00,405,4.558333333,76,Thursday
1/14/2016 18:00,216.6666667,4.291666667,76.41666667,Thursday
1/15/2016 9:00,206.6666667,3.2,80.83333333,Friday
1/15/2016 10:00,125,3.491666667,82,Friday
1/15/2016 11:00,125,3.816666667,84.5,Friday
1/15/2016 12:00,210,3.783333333,87.58333333,Friday
1/15/2016 13:00,196.6666667,4.025,86.58333333,Friday
1/15/2016 14:00,63.33333333,4.325,85.16666667,Friday
1/15/2016 15:00,56.66666667,3.333333333,89,Friday
1/15/2016 16:00,56.66666667,1.908333333,95.16666667,Friday
1/15/2016 17:00,98.33333333,2.491666667,93.58333333,Friday
1/15/2016 18:00,278.3333333,2.733333333,93,Friday
1/16/2016 9:00,0,1.591666667,96.16666667,Saturday
1/16/2016 10:00,0,2.625,94.16666667,Saturday
1/16/2016 11:00,0,4,90.5,Saturday
1/16/2016 12:00,0,5.2,78.25,Saturday
1/16/2016 13:00,0,5.858333333,71.83333333,Saturday
1/16/2016 14:00,0,5.55,74.58333333,Saturday
1/16/2016 15:00,0,4.741666667,68.66666667,Saturday
1/16/2016 16:00,0,3.058333333,78.08333333,Saturday
1/16/2016 17:00,0,1.975,83.83333333,Saturday
1/16/2016 18:00,0,2.291666667,81.75,Saturday
1/17/2016 9:00,0,-0.383333333,91.75,Sunday
1/17/2016 10:00,0,0.658333333,88.75,Sunday
1/17/2016 11:00,0,1.758333333,82.41666667,Sunday
1/17/2016 12:00,0,2.608333333,73.91666667,Sunday
1/17/2016 13:00,0,2.941666667,67.66666667,Sunday
1/17/2016 14:00,0,3.041666667,61.33333333,Sunday
1/17/2016 15:00,0,2.933333333,59.41666667,Sunday
1/17/2016 16:00,0,1.908333333,65.41666667,Sunday
1/17/2016 17:00,0,0.133333333,77.16666667,Sunday
1/17/2016 18:00,0,-0.883333333,81.33333333,Sunday
1/18/2016 9:00,45,-3.85,86.41666667,Monday
1/18/2016 10:00,31.66666667,-2.958333333,84.08333333,Monday
1/18/2016 11:00,45,-1.866666667,77.5,Monday
1/18/2016 12:00,40,-1.275,73.16666667,Monday
1/18/2016 13:00,40,-0.891666667,71.16666667,Monday
1/18/2016 14:00,41.66666667,-0.516666667,68.75,Monday
1/18/2016 15:00,33.33333333,-0.441666667,68.25,Monday
1/18/2016 16:00,46.66666667,-0.791666667,75,Monday
1/18/2016 17:00,35,-1.533333333,84.08333333,Monday
1/18/2016 18:00,300,-2.208333333,85.33333333,Monday
1/19/2016 9:00,33.33333333,-4.4,92.16666667,Tuesday
1/19/2016 10:00,45,-3.158333333,86.83333333,Tuesday
1/19/2016 11:00,33.33333333,-2.066666667,78.5,Tuesday
1/19/2016 12:00,43.33333333,-0.933333333,70.41666667,Tuesday
1/19/2016 13:00,33.33333333,-0.083333333,65.66666667,Tuesday
1/19/2016 14:00,45,0.591666667,63.41666667,Tuesday
1/19/2016 15:00,38.33333333,1.116666667,59.08333333,Tuesday
1/19/2016 16:00,41.66666667,-0.033333333,67,Tuesday
1/19/2016 17:00,71.66666667,-1.125,77.75,Tuesday
1/19/2016 18:00,175,-2.291666667,85.08333333,Tuesday
1/20/2016 9:00,66.66666667,-2.116666667,88.41666667,Wednesday
1/20/2016 10:00,78.33333333,-1.875,88.58333333,Wednesday
1/20/2016 11:00,81.66666667,-1.366666667,86.33333333,Wednesday
1/20/2016 12:00,131.6666667,-0.691666667,83.58333333,Wednesday
1/20/2016 13:00,75,-0.108333333,82.16666667,Wednesday
1/20/2016 14:00,55,0.425,80.58333333,Wednesday
1/20/2016 15:00,80,0.6,81.25,Wednesday
1/20/2016 16:00,70,0.475,84.66666667,Wednesday
1/20/2016 17:00,185,0.216666667,88.25,Wednesday
1/20/2016 18:00,225,-0.025,91.25,Wednesday
1/21/2016 9:00,53.33333333,-3.133333333,91.75,Thursday
1/21/2016 10:00,55,-0.458333333,84.16666667,Thursday
1/21/2016 11:00,51.66666667,1.5,71.83333333,Thursday
1/21/2016 12:00,53.33333333,2.783333333,61.83333333,Thursday
1/21/2016 13:00,173.3333333,3.933333333,56,Thursday
1/21/2016 14:00,63.33333333,4.525,53.91666667,Thursday
1/21/2016 15:00,45,4.616666667,54.75,Thursday
1/21/2016 16:00,41.66666667,3.583333333,64.16666667,Thursday
1/21/2016 17:00,35,1.466666667,72.91666667,Thursday
1/21/2016 18:00,328.3333333,-0.158333333,79.91666667,Thursday
1/22/2016 9:00,103.3333333,-0.016666667,78.41666667,Friday
1/22/2016 10:00,43.33333333,0.558333333,77.75,Friday
1/22/2016 11:00,156.6666667,1.825,73.91666667,Friday
1/22/2016 12:00,31.66666667,3.033333333,70.58333333,Friday
1/22/2016 13:00,45,3.583333333,69.58333333,Friday
1/22/2016 14:00,28.33333333,3.7,71.91666667,Friday
1/22/2016 15:00,43.33333333,3.408333333,81,Friday
1/22/2016 16:00,31.66666667,3,90.08333333,Friday
1/22/2016 17:00,43.33333333,3.083333333,94.25,Friday
1/22/2016 18:00,28.33333333,3.366666667,95.58333333,Friday
1/23/2016 9:00,0,5.766666667,99.58333333,Saturday
1/23/2016 10:00,0,6.125,99.41666667,Saturday
1/23/2016 11:00,0,6.508333333,99.16666667,Saturday
1/23/2016 12:00,0,6.925,97.58333333,Saturday
1/23/2016 13:00,0,7.225,96.16666667,Saturday
1/23/2016 14:00,0,7.441666667,95,Saturday
1/23/2016 15:00,0,7.125,96.25,Saturday
1/23/2016 16:00,0,6.558333333,98,Saturday
1/23/2016 17:00,0,5.875,97.58333333,Saturday
1/23/2016 18:00,0,5.541666667,96.58333333,Saturday
1/24/2016 9:00,0,6.558333333,94.58333333,Sunday
1/24/2016 10:00,0,6.5,95.66666667,Sunday
1/24/2016 11:00,0,6.541666667,98.41666667,Sunday
1/24/2016 12:00,0,6.766666667,99,Sunday
1/24/2016 13:00,0,7.166666667,99,Sunday
1/24/2016 14:00,0,7.608333333,98.16666667,Sunday
1/24/2016 15:00,0,7.858333333,97,Sunday
1/24/2016 16:00,0,7.841666667,96.58333333,Sunday
1/24/2016 17:00,0,7.941666667,96,Sunday
1/24/2016 18:00,0,7.958333333,96,Sunday
1/25/2016 9:00,38.33333333,7.966666667,89.66666667,Monday
1/25/2016 10:00,50,9.608333333,77.91666667,Monday
1/25/2016 11:00,38.33333333,11.225,63,Monday
1/25/2016 12:00,48.33333333,12.05833333,57.66666667,Monday
1/25/2016 13:00,50,12.29166667,58.33333333,Monday
1/25/2016 14:00,38.33333333,12.86666667,55.58333333,Monday
1/25/2016 15:00,48.33333333,12.85,57.5,Monday
1/25/2016 16:00,50,11.70833333,64.33333333,Monday
1/25/2016 17:00,40,10.39166667,70.66666667,Monday
1/25/2016 18:00,46.66666667,9.975,73.83333333,Monday
1/26/2016 9:00,43.33333333,9.183333333,94,Tuesday
1/26/2016 10:00,41.66666667,9.591666667,92.75,Tuesday
1/26/2016 11:00,33.33333333,10.04166667,90.16666667,Tuesday
1/26/2016 12:00,45,10.26666667,86.08333333,Tuesday
1/26/2016 13:00,41.66666667,10.75,79.5,Tuesday
1/26/2016 14:00,33.33333333,10.975,75.16666667,Tuesday
1/26/2016 15:00,43.33333333,10.50833333,75.25,Tuesday
1/26/2016 16:00,45,9.975,76.58333333,Tuesday
1/26/2016 17:00,33.33333333,9.8,75.16666667,Tuesday
1/26/2016 18:00,41.66666667,9.841666667,74,Tuesday
1/27/2016 9:00,155,9.758333333,88.66666667,Wednesday
1/27/2016 10:00,28.33333333,9.95,89.33333333,Wednesday
1/27/2016 11:00,43.33333333,10.50833333,86.16666667,Wednesday
1/27/2016 12:00,31.66666667,10.96666667,83.75,Wednesday
1/27/2016 13:00,41.66666667,11.15833333,82,Wednesday
1/27/2016 14:00,41.66666667,11.18333333,81.58333333,Wednesday
1/27/2016 15:00,31.66666667,11.21666667,81,Wednesday
1/27/2016 16:00,41.66666667,10.975,81.41666667,Wednesday
1/27/2016 17:00,33.33333333,10.55,84.5,Wednesday
1/27/2016 18:00,40,10.11666667,89.25,Wednesday
1/28/2016 9:00,43.33333333,4.075,93.58333333,Thursday
1/28/2016 10:00,31.66666667,5.225,90.08333333,Thursday
1/28/2016 11:00,41.66666667,6.35,81.83333333,Thursday
1/28/2016 12:00,41.66666667,6.95,75.16666667,Thursday
1/28/2016 13:00,33.33333333,7.3,72.75,Thursday
1/28/2016 14:00,43.33333333,7.258333333,70.58333333,Thursday
1/28/2016 15:00,28.33333333,7.116666667,69.58333333,Thursday
1/28/2016 16:00,43.33333333,6.375,72.33333333,Thursday
1/28/2016 17:00,41.66666667,4.333333333,81.16666667,Thursday
1/28/2016 18:00,33.33333333,2.325,88.66666667,Thursday
1/29/2016 9:00,31.66666667,5.55,81.41666667,Friday
1/29/2016 10:00,41.66666667,6.275,81.16666667,Friday
1/29/2016 11:00,30,7.05,81.25,Friday
1/29/2016 12:00,41.66666667,7.65,82.16666667,Friday
1/29/2016 13:00,30,8.125,81.83333333,Friday
1/29/2016 14:00,45,8.3,83.83333333,Friday
1/29/2016 15:00,28.33333333,8.383333333,84.58333333,Friday
1/29/2016 16:00,46.66666667,8.541666667,83.58333333,Friday
1/29/2016 17:00,65,8.683333333,83.41666667,Friday
1/29/2016 18:00,85,8.883333333,83.16666667,Friday
1/30/2016 9:00,0,8.558333333,90.25,Saturday
1/30/2016 10:00,0,8.5,92,Saturday
1/30/2016 11:00,0,8.541666667,92,Saturday
1/30/2016 12:00,0,7.85,90.33333333,Saturday
1/30/2016 13:00,0,6.633333333,88.83333333,Saturday
1/30/2016 14:00,0,6.441666667,92.08333333,Saturday
1/30/2016 15:00,0,6.416666667,89.58333333,Saturday
1/30/2016 16:00,0,6.175,81.16666667,Saturday
1/30/2016 17:00,0,5.75,80,Saturday
1/30/2016 18:00,0,5.025,81.25,Saturday
1/31/2016 9:00,0,5.208333333,92.41666667,Sunday
1/31/2016 10:00,0,5.708333333,93,Sunday
1/31/2016 11:00,0,6.25,92.58333333,Sunday
1/31/2016 12:00,0,6.766666667,93.25,Sunday
1/31/2016 13:00,0,7.166666667,95,Sunday
1/31/2016 14:00,0,7.483333333,95.83333333,Sunday
1/31/2016 15:00,0,7.808333333,97,Sunday
1/31/2016 16:00,0,8.516666667,97,Sunday
1/31/2016 17:00,0,9.725,95.75,Sunday
1/31/2016 18:00,0,11.01666667,92.75,Sunday
2/1/2016 9:00,115,11.04166667,79.33333333,Monday
2/1/2016 10:00,75,11.14166667,76.58333333,Monday
2/1/2016 11:00,355,11.24166667,76.41666667,Monday
2/1/2016 12:00,286.6666667,11.3,76.58333333,Monday
2/1/2016 13:00,331.6666667,11.34166667,76.41666667,Monday
2/1/2016 14:00,276.6666667,11.48333333,77.41666667,Monday
2/1/2016 15:00,396.6666667,11.39166667,80.5,Monday
2/1/2016 16:00,235,11.18333333,82.75,Monday
2/1/2016 17:00,263.3333333,11.34166667,79.75,Monday
2/1/2016 18:00,185,11.15,80.5,Monday
2/2/2016 9:00,63.33333333,8.641666667,95.83333333,Tuesday
2/2/2016 10:00,66.66666667,8.825,97,Tuesday
2/2/2016 11:00,81.66666667,8.833333333,96.16666667,Tuesday
2/2/2016 12:00,58.33333333,8.475,95,Tuesday
2/2/2016 13:00,58.33333333,8.258333333,95,Tuesday
2/2/2016 14:00,106.6666667,7.908333333,93.33333333,Tuesday
2/2/2016 15:00,60,7.5,90.16666667,Tuesday
2/2/2016 16:00,65,7.416666667,90.25,Tuesday
2/2/2016 17:00,66.66666667,7.3,91.16666667,Tuesday
2/2/2016 18:00,261.6666667,7.216666667,87.08333333,Tuesday
2/3/2016 9:00,176.6666667,4.066666667,85.91666667,Wednesday
2/3/2016 10:00,253.3333333,4.716666667,79.25,Wednesday
2/3/2016 11:00,208.3333333,5.55,71.08333333,Wednesday
2/3/2016 12:00,145,6.191666667,65.75,Wednesday
2/3/2016 13:00,91.66666667,6.391666667,64.41666667,Wednesday
2/3/2016 14:00,203.3333333,5.6,74.16666667,Wednesday
2/3/2016 15:00,135,4.983333333,84.08333333,Wednesday
2/3/2016 16:00,320,5.183333333,80,Wednesday
2/3/2016 17:00,205,5.341666667,80,Wednesday
2/3/2016 18:00,280,5.358333333,80,Wednesday
2/4/2016 9:00,141.6666667,4.208333333,95.41666667,Thursday
2/4/2016 10:00,53.33333333,4.75,96,Thursday
2/4/2016 11:00,70,5.6,96,Thursday
2/4/2016 12:00,353.3333333,6.883333333,95.58333333,Thursday
2/4/2016 13:00,138.3333333,8.45,92.91666667,Thursday
2/4/2016 14:00,103.3333333,9.5,90.41666667,Thursday
2/4/2016 15:00,70,9.75,88.91666667,Thursday
2/4/2016 16:00,100,9.975,86.41666667,Thursday
2/4/2016 17:00,105,9.675,87.41666667,Thursday
2/4/2016 18:00,278.3333333,9.125,88,Thursday
2/5/2016 9:00,48.33333333,8.883333333,98,Friday
2/5/2016 10:00,36.66666667,9.208333333,96.33333333,Friday
2/5/2016 11:00,70,9.625,93.16666667,Friday
2/5/2016 12:00,70,9.8,91.16666667,Friday
2/5/2016 13:00,53.33333333,9.8,90,Friday
2/5/2016 14:00,36.66666667,9.8,89.58333333,Friday
2/5/2016 15:00,51.66666667,9.8,89,Friday
2/5/2016 16:00,51.66666667,9.883333333,89.41666667,Friday
2/5/2016 17:00,68.33333333,9.916666667,89.58333333,Friday
2/5/2016 18:00,238.3333333,9.716666667,89.83333333,Friday
2/6/2016 9:00,0,8.325,85.16666667,Saturday
2/6/2016 10:00,0,8.625,83.58333333,Saturday
2/6/2016 11:00,0,9.258333333,80.91666667,Saturday
2/6/2016 12:00,0,10.06666667,77.16666667,Saturday
2/6/2016 13:00,0,10.50833333,74.75,Saturday
2/6/2016 14:00,0,10.71666667,73,Saturday
2/6/2016 15:00,0,10.76666667,72.58333333,Saturday
2/6/2016 16:00,0,10.83333333,73.25,Saturday
2/6/2016 17:00,0,10.55833333,74.58333333,Saturday
2/6/2016 18:00,0,10.33333333,73.16666667,Saturday
2/7/2016 9:00,0,6.883333333,84.41666667,Sunday
2/7/2016 10:00,0,7.25,82.91666667,Sunday
2/7/2016 11:00,0,7.6,77.5,Sunday
2/7/2016 12:00,0,7.933333333,73.58333333,Sunday
2/7/2016 13:00,0,8.4,70.5,Sunday
2/7/2016 14:00,0,8.275,68.25,Sunday
2/7/2016 15:00,0,8.308333333,67.91666667,Sunday
2/7/2016 16:00,0,8.433333333,65.41666667,Sunday
2/7/2016 17:00,0,7.95,66,Sunday
2/7/2016 18:00,0,7.558333333,66,Sunday
2/8/2016 9:00,166.6666667,8.658333333,74.25,Monday
2/8/2016 10:00,86.66666667,8.35,77.66666667,Monday
2/8/2016 11:00,403.3333333,7.708333333,80.83333333,Monday
2/8/2016 12:00,216.6666667,8.133333333,76.16666667,Monday
2/8/2016 13:00,358.3333333,8.591666667,69.25,Monday
2/8/2016 14:00,196.6666667,7.808333333,70.16666667,Monday
2/8/2016 15:00,410,8.058333333,68.58333333,Monday
2/8/2016 16:00,173.3333333,7.958333333,70.91666667,Monday
2/8/2016 17:00,245,7.941666667,72.5,Monday
2/8/2016 18:00,393.3333333,7.916666667,69.83333333,Monday
2/9/2016 9:00,161.6666667,5.791666667,93,Tuesday
2/9/2016 10:00,275,5.291666667,94.66666667,Tuesday
2/9/2016 11:00,111.6666667,5,97.83333333,Tuesday
2/9/2016 12:00,366.6666667,5,98.58333333,Tuesday
2/9/2016 13:00,171.6666667,4.833333333,98.41666667,Tuesday
2/9/2016 14:00,126.6666667,4.475,97.75,Tuesday
2/9/2016 15:00,198.3333333,3.841666667,95.58333333,Tuesday
2/9/2016 16:00,111.6666667,3.575,93.33333333,Tuesday
2/9/2016 17:00,126.6666667,4.183333333,91.83333333,Tuesday
2/9/2016 18:00,150,4.133333333,93,Tuesday
2/10/2016 9:00,88.33333333,3.95,93.16666667,Wednesday
2/10/2016 10:00,93.33333333,4.716666667,91.16666667,Wednesday
2/10/2016 11:00,101.6666667,5.383333333,89.16666667,Wednesday
2/10/2016 12:00,86.66666667,5.208333333,90.08333333,Wednesday
2/10/2016 13:00,63.33333333,5.008333333,93,Wednesday
2/10/2016 14:00,80,5.55,90.91666667,Wednesday
2/10/2016 15:00,110,6.066666667,85.91666667,Wednesday
2/10/2016 16:00,98.33333333,6.05,86.33333333,Wednesday
2/10/2016 17:00,80,5.45,91,Wednesday
2/10/2016 18:00,325,4.891666667,92.66666667,Wednesday
2/11/2016 9:00,73.33333333,2.916666667,96.58333333,Thursday
2/11/2016 10:00,101.6666667,3.708333333,95.16666667,Thursday
2/11/2016 11:00,170,4.666666667,91.5,Thursday
2/11/2016 12:00,121.6666667,5.35,88.41666667,Thursday
2/11/2016 13:00,83.33333333,5.041666667,86.91666667,Thursday
2/11/2016 14:00,106.6666667,5.35,85.25,Thursday
2/11/2016 15:00,143.3333333,5.575,86.16666667,Thursday
2/11/2016 16:00,108.3333333,5.275,87.91666667,Thursday
2/11/2016 17:00,156.6666667,4.433333333,93.25,Thursday
2/11/2016 18:00,456.6666667,3.708333333,95,Thursday
2/12/2016 9:00,146.6666667,2.825,88.91666667,Friday
2/12/2016 10:00,68.33333333,3.375,83.08333333,Friday
2/12/2016 11:00,260,4.275,77.33333333,Friday
2/12/2016 12:00,260,4.591666667,74.16666667,Friday
2/12/2016 13:00,311.6666667,4.925,70.08333333,Friday
2/12/2016 14:00,345,5.883333333,66,Friday
2/12/2016 15:00,95,5.958333333,66,Friday
2/12/2016 16:00,91.66666667,5.525,67.25,Friday
2/12/2016 17:00,170,4.375,72.75,Friday
2/12/2016 18:00,163.3333333,3.291666667,78.83333333,Friday
2/13/2016 9:00,0,1.8,88.91666667,Saturday
2/13/2016 10:00,0,2.708333333,85.16666667,Saturday
2/13/2016 11:00,0,2.958333333,86.91666667,Saturday
2/13/2016 12:00,0,2.941666667,92.25,Saturday
2/13/2016 13:00,0,3.083333333,94.41666667,Saturday
2/13/2016 14:00,0,3.408333333,95,Saturday
2/13/2016 15:00,0,3.741666667,95,Saturday
2/13/2016 16:00,0,3.758333333,95,Saturday
2/13/2016 17:00,0,3.616666667,95.41666667,Saturday
2/13/2016 18:00,0,3.5,96,Saturday
2/14/2016 9:00,0,2.583333333,96.16666667,Sunday
2/14/2016 10:00,0,2.7,95,Sunday
2/14/2016 11:00,0,2.825,95,Sunday
2/14/2016 12:00,0,3.125,92.5,Sunday
2/14/2016 13:00,0,3.341666667,88.58333333,Sunday
2/14/2016 14:00,0,3.358333333,88.41666667,Sunday
2/14/2016 15:00,0,3.258333333,89.83333333,Sunday
2/14/2016 16:00,0,2.991666667,91.83333333,Sunday
2/14/2016 17:00,0,2.783333333,93,Sunday
2/14/2016 18:00,0,2.941666667,92.16666667,Sunday
2/15/2016 9:00,66.66666667,2,79.33333333,Monday
2/15/2016 10:00,388.3333333,3.158333333,74.08333333,Monday
2/15/2016 11:00,150,4.3,67.08333333,Monday
2/15/2016 12:00,185,5,62.58333333,Monday
2/15/2016 13:00,245,5.208333333,61.16666667,Monday
2/15/2016 14:00,155,5.541666667,60.83333333,Monday
2/15/2016 15:00,55,5.516666667,62,Monday
2/15/2016 16:00,38.33333333,5.233333333,62.83333333,Monday
2/15/2016 17:00,73.33333333,4.416666667,67.33333333,Monday
2/15/2016 18:00,233.3333333,3.1,75.33333333,Monday
2/16/2016 9:00,210,-0.916666667,94.5,Tuesday
2/16/2016 10:00,256.6666667,0.65,94.25,Tuesday
2/16/2016 11:00,126.6666667,2.2,79.83333333,Tuesday
2/16/2016 12:00,71.66666667,3.233333333,66.16666667,Tuesday
2/16/2016 13:00,68.33333333,3.991666667,62.5,Tuesday
2/16/2016 14:00,50,4.441666667,57.33333333,Tuesday
2/16/2016 15:00,61.66666667,4.583333333,53.33333333,Tuesday
2/16/2016 16:00,48.33333333,4.45,52.25,Tuesday
2/16/2016 17:00,53.33333333,3.225,58.58333333,Tuesday
2/16/2016 18:00,153.3333333,1.625,66.25,Tuesday
2/17/2016 9:00,58.33333333,-2.025,86.5,Wednesday
2/17/2016 10:00,78.33333333,-0.091666667,80.08333333,Wednesday
2/17/2016 11:00,71.66666667,1.358333333,74.33333333,Wednesday
2/17/2016 12:00,53.33333333,2.25,71.16666667,Wednesday
2/17/2016 13:00,75,2.933333333,68.75,Wednesday
2/17/2016 14:00,71.66666667,3.608333333,67,Wednesday
2/17/2016 15:00,56.66666667,3.525,69.5,Wednesday
2/17/2016 16:00,78.33333333,2.833333333,74.66666667,Wednesday
2/17/2016 17:00,78.33333333,2.183333333,79.91666667,Wednesday
2/17/2016 18:00,91.66666667,1.1,86.08333333,Wednesday
2/18/2016 9:00,155,0.75,80.16666667,Thursday
2/18/2016 10:00,75,1.475,76.91666667,Thursday
2/18/2016 11:00,303.3333333,2.291666667,72.75,Thursday
2/18/2016 12:00,123.3333333,2.991666667,70.16666667,Thursday
2/18/2016 13:00,60,3.4,70.25,Thursday
2/18/2016 14:00,40,3.525,72,Thursday
2/18/2016 15:00,41.66666667,3.45,76.16666667,Thursday
2/18/2016 16:00,65,3.1,80.75,Thursday
2/18/2016 17:00,83.33333333,2.808333333,81.91666667,Thursday
2/18/2016 18:00,180,2.316666667,86.83333333,Thursday
2/19/2016 9:00,140,0.975,91.5,Friday
2/19/2016 10:00,320,2.741666667,87.58333333,Friday
2/19/2016 11:00,311.6666667,4.083333333,86.16666667,Friday
2/19/2016 12:00,445,5.441666667,82.5,Friday
2/19/2016 13:00,130,6.575,75.25,Friday
2/19/2016 14:00,140,6.975,68.33333333,Friday
2/19/2016 15:00,250,7.091666667,66.41666667,Friday
2/19/2016 16:00,111.6666667,7.083333333,67.83333333,Friday
2/19/2016 17:00,203.3333333,6.083333333,71.91666667,Friday
2/19/2016 18:00,166.6666667,4.916666667,78.5,Friday
2/20/2016 9:00,0,7.891666667,97,Saturday
2/20/2016 10:00,0,8.633333333,94.91666667,Saturday
2/20/2016 11:00,0,9.141666667,91.16666667,Saturday
2/20/2016 12:00,0,9.2,92.08333333,Saturday
2/20/2016 13:00,0,9.575,91.25,Saturday
2/20/2016 14:00,0,10.05833333,86,Saturday
2/20/2016 15:00,0,9.833333333,87.66666667,Saturday
2/20/2016 16:00,0,9.6,90.83333333,Saturday
2/20/2016 17:00,0,9.6,92.83333333,Saturday
2/20/2016 18:00,0,9.6,94.83333333,Saturday
2/21/2016 9:00,0,10.6,89.41666667,Sunday
2/21/2016 10:00,0,10.80833333,89.16666667,Sunday
2/21/2016 11:00,0,11.01666667,89.66666667,Sunday
2/21/2016 12:00,0,11.06666667,90.75,Sunday
2/21/2016 13:00,0,11.425,88.58333333,Sunday
2/21/2016 14:00,0,11.475,88.83333333,Sunday
2/21/2016 15:00,0,11.63333333,87.5,Sunday
2/21/2016 16:00,0,12.1,84,Sunday
2/21/2016 17:00,0,11.975,84,Sunday
2/21/2016 18:00,0,11.59166667,84.83333333,Sunday
2/22/2016 9:00,133.3333333,8.883333333,93.25,Monday
2/22/2016 10:00,56.66666667,9.208333333,94.16666667,Monday
2/22/2016 11:00,271.6666667,9.75,91.33333333,Monday
2/22/2016 12:00,180,10.30833333,89,Monday
2/22/2016 13:00,93.33333333,10.51666667,91.5,Monday
2/22/2016 14:00,46.66666667,10.23333333,95.83333333,Monday
2/22/2016 15:00,58.33333333,8.958333333,97.41666667,Monday
2/22/2016 16:00,46.66666667,6.916666667,97.58333333,Monday
2/22/2016 17:00,120,5.891666667,97.83333333,Monday
2/22/2016 18:00,230,5.558333333,98.58333333,Monday
2/23/2016 9:00,150,4.658333333,93.5,Tuesday
2/23/2016 10:00,126.6666667,5.55,86.25,Tuesday
2/23/2016 11:00,133.3333333,6.191666667,81,Tuesday
2/23/2016 12:00,93.33333333,6.725,80.58333333,Tuesday
2/23/2016 13:00,131.6666667,6.441666667,80.41666667,Tuesday
2/23/2016 14:00,56.66666667,6.466666667,80.58333333,Tuesday
2/23/2016 15:00,135,6.816666667,77.08333333,Tuesday
2/23/2016 16:00,55,5.583333333,76.33333333,Tuesday
2/23/2016 17:00,53.33333333,5.041666667,82.66666667,Tuesday
2/23/2016 18:00,260,4.641666667,85.41666667,Tuesday
2/24/2016 9:00,73.33333333,0.316666667,96.66666667,Wednesday
2/24/2016 10:00,60,3.1,88.66666667,Wednesday
2/24/2016 11:00,63.33333333,5.575,78.16666667,Wednesday
2/24/2016 12:00,51.66666667,6.141666667,65.41666667,Wednesday
2/24/2016 13:00,153.3333333,6.116666667,60.66666667,Wednesday
2/24/2016 14:00,103.3333333,6.166666667,60.91666667,Wednesday
2/24/2016 15:00,180,6.4,56.75,Wednesday
2/24/2016 16:00,88.33333333,6.233333333,56.25,Wednesday
2/24/2016 17:00,80,5.5,65.5,Wednesday
2/24/2016 18:00,101.6666667,4.341666667,76,Wednesday
2/25/2016 9:00,173.3333333,2.125,87.91666667,Thursday
2/25/2016 10:00,120,3.625,81.25,Thursday
2/25/2016 11:00,415,4.875,71,Thursday
2/25/2016 12:00,183.3333333,5.691666667,61.08333333,Thursday
2/25/2016 13:00,390,5.933333333,57.41666667,Thursday
2/25/2016 14:00,175,5.241666667,63.41666667,Thursday
2/25/2016 15:00,165,4.6,70.16666667,Thursday
2/25/2016 16:00,78.33333333,4.766666667,67.75,Thursday
2/25/2016 17:00,86.66666667,4.791666667,68.91666667,Thursday
2/25/2016 18:00,276.6666667,3.875,76.33333333,Thursday
2/26/2016 9:00,251.6666667,2.058333333,91.5,Friday
2/26/2016 10:00,155,3.033333333,83.83333333,Friday
2/26/2016 11:00,50,4.041666667,73.41666667,Friday
2/26/2016 12:00,445,4.966666667,65.75,Friday
2/26/2016 13:00,83.33333333,5.366666667,60.66666667,Friday
2/26/2016 14:00,66.66666667,5.766666667,51.41666667,Friday
2/26/2016 15:00,48.33333333,5.833333333,47.08333333,Friday
2/26/2016 16:00,48.33333333,5.475,58.33333333,Friday
2/26/2016 17:00,50,4.966666667,71.25,Friday
2/26/2016 18:00,136.6666667,4.291666667,75.08333333,Friday
2/27/2016 9:00,0,2.008333333,74.5,Saturday
2/27/2016 10:00,0,3.625,66.41666667,Saturday
2/27/2016 11:00,0,4.708333333,57.5,Saturday
2/27/2016 12:00,0,5.208333333,52.75,Saturday
2/27/2016 13:00,0,5.833333333,50.58333333,Saturday
2/27/2016 14:00,0,6.383333333,49.16666667,Saturday
2/27/2016 15:00,0,6.333333333,48,Saturday
2/27/2016 16:00,0,6.058333333,49.66666667,Saturday
2/27/2016 17:00,0,5.5,54.5,Saturday
2/27/2016 18:00,0,4.383333333,59.25,Saturday
2/28/2016 9:00,0,0.975,71.33333333,Sunday
2/28/2016 10:00,0,2.333333333,65.66666667,Sunday
2/28/2016 11:00,0,3.875,58.08333333,Sunday
2/28/2016 12:00,0,4.816666667,53.58333333,Sunday
2/28/2016 13:00,0,5.525,52.58333333,Sunday
2/28/2016 14:00,0,5.825,51.58333333,Sunday
2/28/2016 15:00,0,5.916666667,49.33333333,Sunday
2/28/2016 16:00,0,5.675,48.25,Sunday
2/28/2016 17:00,0,5.25,51.25,Sunday
2/28/2016 18:00,0,4.525,54.66666667,Sunday
2/29/2016 9:00,70,1.466666667,77.83333333,Monday
2/29/2016 10:00,353.3333333,2.941666667,66.16666667,Monday
2/29/2016 11:00,241.6666667,4.033333333,57.58333333,Monday
2/29/2016 12:00,368.3333333,4.791666667,54.91666667,Monday
2/29/2016 13:00,263.3333333,5.366666667,52,Monday
2/29/2016 14:00,323.3333333,5.808333333,49.08333333,Monday
2/29/2016 15:00,353.3333333,6.1,45.41666667,Monday
2/29/2016 16:00,215,6.016666667,47.66666667,Monday
2/29/2016 17:00,198.3333333,5.316666667,55,Monday
2/29/2016 18:00,348.3333333,3.708333333,67,Monday
3/1/2016 9:00,66.66666667,1.1,90.5,Tuesday
3/1/2016 10:00,50,2.383333333,84.5,Tuesday
3/1/2016 11:00,110,3.408333333,81,Tuesday
3/1/2016 12:00,76.66666667,3.616666667,83.91666667,Tuesday
3/1/2016 13:00,151.6666667,3.541666667,90.5,Tuesday
3/1/2016 14:00,45,3.975,92.75,Tuesday
3/1/2016 15:00,46.66666667,4.458333333,93.5,Tuesday
3/1/2016 16:00,45,4.65,95.75,Tuesday
3/1/2016 17:00,50,5.208333333,94.41666667,Tuesday
3/1/2016 18:00,263.3333333,5.666666667,95.41666667,Tuesday
3/2/2016 9:00,161.6666667,5.208333333,79.91666667,Wednesday
3/2/2016 10:00,126.6666667,6.325,68.33333333,Wednesday
3/2/2016 11:00,86.66666667,7.041666667,63.08333333,Wednesday
3/2/2016 12:00,70,8.133333333,56.91666667,Wednesday
3/2/2016 13:00,86.66666667,8.058333333,61.5,Wednesday
3/2/2016 14:00,68.33333333,7.716666667,68.25,Wednesday
3/2/2016 15:00,70,7.675,65.91666667,Wednesday
3/2/2016 16:00,85,5.633333333,76.66666667,Wednesday
3/2/2016 17:00,136.6666667,3.791666667,88.08333333,Wednesday
3/2/2016 18:00,253.3333333,3.583333333,88.5,Wednesday
3/3/2016 9:00,113.3333333,3.7,93.41666667,Thursday
3/3/2016 10:00,76.66666667,3.741666667,91.91666667,Thursday
3/3/2016 11:00,66.66666667,4.425,87.33333333,Thursday
3/3/2016 12:00,110,6.008333333,79.58333333,Thursday
3/3/2016 13:00,240,6.583333333,74.5,Thursday
3/3/2016 14:00,145,6.708333333,74.66666667,Thursday
3/3/2016 15:00,58.33333333,7.741666667,67.5,Thursday
3/3/2016 16:00,126.6666667,7.466666667,64.83333333,Thursday
3/3/2016 17:00,150,6.625,68.5,Thursday
3/3/2016 18:00,91.66666667,5.391666667,74.91666667,Thursday
3/4/2016 9:00,46.66666667,4.139285714,91.97619048,Friday
3/4/2016 10:00,36.66666667,4.267857143,92.26190476,Friday
3/4/2016 11:00,46.66666667,4.396428571,92.54761905,Friday
3/4/2016 12:00,53.33333333,4.525,92.83333333,Friday
3/4/2016 13:00,146.6666667,5.1,91.33333333,Friday
3/4/2016 14:00,240,5.466666667,87.75,Friday
3/4/2016 15:00,290,6,79.75,Friday
3/4/2016 16:00,238.3333333,7.441666667,67.66666667,Friday
3/4/2016 17:00,148.3333333,6.916666667,68.41666667,Friday
3/4/2016 18:00,95,5.1,80.58333333,Friday
3/5/2016 9:00,0,2.175,93.91666667,Saturday
3/5/2016 10:00,0,2.825,91.41666667,Saturday
3/5/2016 11:00,0,3.375,89.08333333,Saturday
3/5/2016 12:00,0,4.191666667,86.66666667,Saturday
3/5/2016 13:00,0,5.016666667,81.91666667,Saturday
3/5/2016 14:00,0,5.725,67.83333333,Saturday
3/5/2016 15:00,0,6.566666667,58.25,Saturday
3/5/2016 16:00,0,6.875,58.83333333,Saturday
3/5/2016 17:00,0,5.416666667,67.83333333,Saturday
3/5/2016 18:00,0,3.725,74.41666667,Saturday
3/6/2016 9:00,0,2.9,95,Sunday
3/6/2016 10:00,0,2.816666667,95,Sunday
3/6/2016 11:00,0,2.991666667,94.16666667,Sunday
3/6/2016 12:00,0,3.733333333,93,Sunday
3/6/2016 13:00,0,4.533333333,91.75,Sunday
3/6/2016 14:00,0,4.458333333,90.41666667,Sunday
3/6/2016 15:00,0,3.408333333,91.41666667,Sunday
3/6/2016 16:00,0,2.666666667,92.41666667,Sunday
3/6/2016 17:00,0,2.533333333,92.16666667,Sunday
3/6/2016 18:00,0,2.875,90.58333333,Sunday
3/7/2016 9:00,78.33333333,1.008333333,96.58333333,Monday
3/7/2016 10:00,433.3333333,1.675,94.75,Monday
3/7/2016 11:00,486.6666667,2.658333333,88.83333333,Monday
3/7/2016 12:00,253.3333333,3.591666667,78.83333333,Monday
3/7/2016 13:00,313.3333333,3.916666667,76.33333333,Monday
3/7/2016 14:00,231.6666667,4.508333333,78.08333333,Monday
3/7/2016 15:00,268.3333333,4.958333333,74.41666667,Monday
3/7/2016 16:00,150,3.116666667,82.91666667,Monday
3/7/2016 17:00,66.66666667,2.391666667,91.08333333,Monday
3/7/2016 18:00,86.66666667,2.625,89.91666667,Monday
3/8/2016 9:00,33.33333333,1.233333333,98.16666667,Tuesday
3/8/2016 10:00,48.33333333,2.783333333,93.25,Tuesday
3/8/2016 11:00,50,4.758333333,84.25,Tuesday
3/8/2016 12:00,140,5.816666667,75.66666667,Tuesday
3/8/2016 13:00,130,6.441666667,67.66666667,Tuesday
3/8/2016 14:00,41.66666667,6.666666667,63.83333333,Tuesday
3/8/2016 15:00,43.33333333,6.775,64.16666667,Tuesday
3/8/2016 16:00,48.33333333,6.766666667,60.91666667,Tuesday
3/8/2016 17:00,48.33333333,6.541666667,61.33333333,Tuesday
3/8/2016 18:00,333.3333333,5.65,67.66666667,Tuesday
3/9/2016 9:00,165,4.65,66.75,Wednesday
3/9/2016 10:00,155,5.375,62.5,Wednesday
3/9/2016 11:00,46.66666667,6.108333333,59,Wednesday
3/9/2016 12:00,50,6.441666667,59.83333333,Wednesday
3/9/2016 13:00,73.33333333,6.833333333,62.66666667,Wednesday
3/9/2016 14:00,86.66666667,7.133333333,65.41666667,Wednesday
3/9/2016 15:00,113.3333333,6.775,65.58333333,Wednesday
3/9/2016 16:00,103.3333333,6.558333333,64.16666667,Wednesday
3/9/2016 17:00,101.6666667,6.333333333,63.41666667,Wednesday
3/9/2016 18:00,140,6.058333333,64.83333333,Wednesday
3/10/2016 9:00,75,2.816666667,82.25,Thursday
3/10/2016 10:00,91.66666667,5.141666667,72.83333333,Thursday
3/10/2016 11:00,75,7.391666667,64.5,Thursday
3/10/2016 12:00,78.33333333,8.833333333,60.16666667,Thursday
3/10/2016 13:00,85,9.425,57.33333333,Thursday
3/10/2016 14:00,50,9.725,55,Thursday
3/10/2016 15:00,58.33333333,9.858333333,54.58333333,Thursday
3/10/2016 16:00,93.33333333,9.8,51.91666667,Thursday
3/10/2016 17:00,270,9.591666667,51.5,Thursday
3/10/2016 18:00,438.3333333,8.133333333,60.83333333,Thursday
3/11/2016 9:00,143.3333333,2.266666667,89.75,Friday
3/11/2016 10:00,51.66666667,3.908333333,83.83333333,Friday
3/11/2016 11:00,41.66666667,5.608333333,74.66666667,Friday
3/11/2016 12:00,63.33333333,7.308333333,65.41666667,Friday
3/11/2016 13:00,43.33333333,8.716666667,56.91666667,Friday
3/11/2016 14:00,51.66666667,9.591666667,53.58333333,Friday
3/11/2016 15:00,38.33333333,9.833333333,55.08333333,Friday
3/11/2016 16:00,48.33333333,9.433333333,57.58333333,Friday
3/11/2016 17:00,53.33333333,8.825,57.83333333,Friday
3/11/2016 18:00,125,7.758333333,64,Friday
3/12/2016 9:00,0,2.116666667,96.91666667,Saturday
3/12/2016 10:00,0,4.108333333,91.91666667,Saturday
3/12/2016 11:00,0,6.1,80.25,Saturday
3/12/2016 12:00,0,7.916666667,67.58333333,Saturday
3/12/2016 13:00,0,8.625,62.83333333,Saturday
3/12/2016 14:00,0,9.008333333,56.16666667,Saturday
3/12/2016 15:00,0,9.508333333,54.16666667,Saturday
3/12/2016 16:00,0,9.8,51.75,Saturday
3/12/2016 17:00,0,9.425,53.33333333,Saturday
3/12/2016 18:00,0,8.025,61.75,Saturday
3/13/2016 9:00,0,1.116666667,86.25,Sunday
3/13/2016 10:00,0,3.316666667,75.58333333,Sunday
3/13/2016 11:00,0,5.35,67.16666667,Sunday
3/13/2016 12:00,0,7.025,64.75,Sunday
3/13/2016 13:00,0,8.275,61.33333333,Sunday
3/13/2016 14:00,0,9.008333333,57.75,Sunday
3/13/2016 15:00,0,9.425,56,Sunday
3/13/2016 16:00,0,9.6,56.41666667,Sunday
3/13/2016 17:00,0,9.266666667,57.41666667,Sunday
3/13/2016 18:00,0,7.883333333,63,Sunday
3/14/2016 9:00,156.6666667,1.616666667,83.33333333,Monday
3/14/2016 10:00,485,2.7,78.5,Monday
3/14/2016 11:00,210,3.4,76.25,Monday
3/14/2016 12:00,91.66666667,4.025,74.25,Monday
3/14/2016 13:00,378.3333333,5.15,66.08333333,Monday
3/14/2016 14:00,336.6666667,6.041666667,59.91666667,Monday
3/14/2016 15:00,205,7.133333333,57,Monday
3/14/2016 16:00,458.3333333,7.725,56.16666667,Monday
3/14/2016 17:00,246.6666667,7.566666667,57.08333333,Monday
3/14/2016 18:00,328.3333333,6.1,64.16666667,Monday
3/15/2016 9:00,103.3333333,1.833333333,84.5,Tuesday
3/15/2016 10:00,58.33333333,4.041666667,77.25,Tuesday
3/15/2016 11:00,48.33333333,6.458333333,68.25,Tuesday
3/15/2016 12:00,120,8.508333333,60.5,Tuesday
3/15/2016 13:00,78.33333333,9.75,57.41666667,Tuesday
3/15/2016 14:00,53.33333333,10.30833333,57.58333333,Tuesday
3/15/2016 15:00,58.33333333,10.39166667,59.91666667,Tuesday
3/15/2016 16:00,135,9.891666667,66.91666667,Tuesday
3/15/2016 17:00,140,8.725,74.33333333,Tuesday
3/15/2016 18:00,293.3333333,7.125,80.25,Tuesday
3/16/2016 9:00,433.3333333,4.45,74.16666667,Wednesday
3/16/2016 10:00,176.6666667,5.916666667,61.83333333,Wednesday
3/16/2016 11:00,106.6666667,6.708333333,56,Wednesday
3/16/2016 12:00,113.3333333,7.041666667,56.83333333,Wednesday
3/16/2016 13:00,108.3333333,7.308333333,56.33333333,Wednesday
3/16/2016 14:00,435,7.975,51.5,Wednesday
3/16/2016 15:00,153.3333333,8.416666667,48.41666667,Wednesday
3/16/2016 16:00,180,8.008333333,49.41666667,Wednesday
3/16/2016 17:00,421.6666667,7.391666667,52.5,Wednesday
3/16/2016 18:00,563.3333333,6.891666667,56.41666667,Wednesday
3/17/2016 9:00,73.33333333,3.7,74.08333333,Thursday
3/17/2016 10:00,175,5.808333333,67.91666667,Thursday
3/17/2016 11:00,51.66666667,7.425,60.83333333,Thursday
3/17/2016 12:00,90,8.8,53.33333333,Thursday
3/17/2016 13:00,51.66666667,9.541666667,51.83333333,Thursday
3/17/2016 14:00,53.33333333,9.766666667,52.16666667,Thursday
3/17/2016 15:00,70,10.08333333,50.16666667,Thursday
3/17/2016 16:00,86.66666667,10.15833333,49,Thursday
3/17/2016 17:00,91.66666667,9.891666667,51.08333333,Thursday
3/17/2016 18:00,283.3333333,8.433333333,59.41666667,Thursday
3/18/2016 9:00,43.33333333,2.441666667,98.58333333,Friday
3/18/2016 10:00,53.33333333,2.666666667,97.16666667,Friday
3/18/2016 11:00,50,3.233333333,93.5,Friday
3/18/2016 12:00,83.33333333,4.283333333,86.25,Friday
3/18/2016 13:00,56.66666667,5.766666667,77.66666667,Friday
3/18/2016 14:00,51.66666667,7.366666667,71.33333333,Friday
3/18/2016 15:00,50,8.008333333,71.91666667,Friday
3/18/2016 16:00,56.66666667,6.933333333,80.58333333,Friday
3/18/2016 17:00,81.66666667,6.041666667,86.16666667,Friday
3/18/2016 18:00,150,5.975,85.83333333,Friday
3/19/2016 9:00,0,5.141666667,81.58333333,Saturday
3/19/2016 10:00,0,5.366666667,80.58333333,Saturday
3/19/2016 11:00,0,5.725,76.66666667,Saturday
3/19/2016 12:00,0,6.108333333,72,Saturday
3/19/2016 13:00,0,6.441666667,71.16666667,Saturday
3/19/2016 14:00,0,6.541666667,70.41666667,Saturday
3/19/2016 15:00,0,6.766666667,70.16666667,Saturday
3/19/2016 16:00,0,7.041666667,68.58333333,Saturday
3/19/2016 17:00,0,7.016666667,68,Saturday
3/19/2016 18:00,0,6.775,68.41666667,Saturday
3/20/2016 9:00,0,5.308333333,79.75,Sunday
3/20/2016 10:00,0,5.683333333,78.83333333,Sunday
3/20/2016 11:00,0,5.8,81.66666667,Sunday
3/20/2016 12:00,0,6.216666667,79.83333333,Sunday
3/20/2016 13:00,0,6.633333333,74.83333333,Sunday
3/20/2016 14:00,0,6.65,74.33333333,Sunday
3/20/2016 15:00,0,7.291666667,70.75,Sunday
3/20/2016 16:00,0,7.95,69,Sunday
3/20/2016 17:00,0,8.05,69.83333333,Sunday
3/20/2016 18:00,0,7.408333333,74.33333333,Sunday
3/21/2016 9:00,56.66666667,6.833333333,88.25,Monday
3/21/2016 10:00,50,7.758333333,79.66666667,Monday
3/21/2016 11:00,63.33333333,8.358333333,70.83333333,Monday
3/21/2016 12:00,60,8.716666667,64.16666667,Monday
3/21/2016 13:00,55,9.216666667,63.41666667,Monday
3/21/2016 14:00,43.33333333,9.308333333,63.16666667,Monday
3/21/2016 15:00,55,9.558333333,62,Monday
3/21/2016 16:00,56.66666667,9.416666667,62.83333333,Monday
3/21/2016 17:00,46.66666667,9.091666667,66.91666667,Monday
3/21/2016 18:00,210,8.508333333,71.41666667,Monday
3/22/2016 9:00,50,6.441666667,79.91666667,Tuesday
3/22/2016 10:00,38.33333333,8.608333333,65.83333333,Tuesday
3/22/2016 11:00,51.66666667,10.01666667,58.75,Tuesday
3/22/2016 12:00,53.33333333,11.14166667,56.16666667,Tuesday
3/22/2016 13:00,53.33333333,11.94166667,55.83333333,Tuesday
3/22/2016 14:00,45,11.54166667,58.66666667,Tuesday
3/22/2016 15:00,43.33333333,10.94166667,60.58333333,Tuesday
3/22/2016 16:00,53.33333333,11.125,58.33333333,Tuesday
3/22/2016 17:00,63.33333333,11.00833333,58.08333333,Tuesday
3/22/2016 18:00,228.3333333,9.766666667,66.41666667,Tuesday
3/23/2016 9:00,73.33333333,6.875,91.33333333,Wednesday
3/23/2016 10:00,78.33333333,7.691666667,86.5,Wednesday
3/23/2016 11:00,76.66666667,8.475,79.66666667,Wednesday
3/23/2016 12:00,50,9.041666667,74.16666667,Wednesday
3/23/2016 13:00,66.66666667,8.975,75.5,Wednesday
3/23/2016 14:00,93.33333333,8.716666667,79,Wednesday
3/23/2016 15:00,76.66666667,8.475,81.91666667,Wednesday
3/23/2016 16:00,108.3333333,8.591666667,82.66666667,Wednesday
3/23/2016 17:00,101.6666667,8.833333333,78.83333333,Wednesday
3/23/2016 18:00,143.3333333,8.35,81.25,Wednesday
3/24/2016 9:00,61.66666667,6.708333333,81.33333333,Thursday
3/24/2016 10:00,61.66666667,7.333333333,76.08333333,Thursday
3/24/2016 11:00,48.33333333,8.133333333,69.5,Thursday
3/24/2016 12:00,46.66666667,8.808333333,65.16666667,Thursday
3/24/2016 13:00,48.33333333,9.266666667,62.33333333,Thursday
3/24/2016 14:00,50,9.5,61.25,Thursday
3/24/2016 15:00,45,9.458333333,64.25,Thursday
3/24/2016 16:00,121.6666667,9.275,66,Thursday
3/24/2016 17:00,101.6666667,8.85,69.75,Thursday
3/24/2016 18:00,245,8.333333333,76.25,Thursday
3/25/2016 9:00,261.6666667,6.708333333,96.58333333,Friday
3/25/2016 10:00,158.3333333,7.208333333,95.58333333,Friday
3/25/2016 11:00,520,7.958333333,95,Friday
3/25/2016 12:00,160,8.6,92.91666667,Friday
3/25/2016 13:00,395,9.266666667,82.08333333,Friday
3/25/2016 14:00,345,10.36666667,67.66666667,Friday
3/25/2016 15:00,316.6666667,10.35,65.5,Friday
3/25/2016 16:00,365,10.16666667,67.75,Friday
3/25/2016 17:00,238.3333333,10.19166667,64.33333333,Friday
3/25/2016 18:00,391.6666667,9.15,67,Friday
3/26/2016 9:00,0,7.508333333,88.41666667,Saturday
3/26/2016 10:00,0,8.958333333,87.33333333,Saturday
3/26/2016 11:00,0,10.39166667,79.58333333,Saturday
3/26/2016 12:00,0,12,70.75,Saturday
3/26/2016 13:00,0,13.28333333,66.08333333,Saturday
3/26/2016 14:00,0,13.85,63.66666667,Saturday
3/26/2016 15:00,0,13.20833333,69.33333333,Saturday
3/26/2016 16:00,0,13.175,72.75,Saturday
3/26/2016 17:00,0,13.74166667,68.5,Saturday
3/26/2016 18:00,0,13.50833333,66.66666667,Saturday
3/27/2016 9:00,0,6.383333333,88,Sunday
3/27/2016 10:00,0,7.458333333,83.41666667,Sunday
3/27/2016 11:00,0,9.091666667,74.91666667,Sunday
3/27/2016 12:00,0,10.25,69.5,Sunday
3/27/2016 13:00,0,11.675,63.5,Sunday
3/27/2016 14:00,0,12.03333333,58.75,Sunday
3/27/2016 15:00,0,12.21666667,55.33333333,Sunday
3/27/2016 16:00,0,12.675,53.83333333,Sunday
3/27/2016 17:00,0,12.25,55.41666667,Sunday
3/27/2016 18:00,0,11.10833333,63.08333333,Sunday
3/28/2016 9:00,86.66666667,8.725,79.5,Monday
3/28/2016 10:00,138.3333333,8.775,86.75,Monday
3/28/2016 11:00,213.3333333,9.308333333,84.08333333,Monday
3/28/2016 12:00,110,10.50833333,68.41666667,Monday
3/28/2016 13:00,236.6666667,10.50833333,63.66666667,Monday
3/28/2016 14:00,263.3333333,10.6,64.33333333,Monday
3/28/2016 15:00,235,11.425,61.58333333,Monday
3/28/2016 16:00,138.3333333,10.225,68.08333333,Monday
3/28/2016 17:00,316.6666667,9.216666667,73,Monday
3/28/2016 18:00,218.3333333,10,67.25,Monday
3/29/2016 9:00,86.66666667,6.716666667,78.5,Tuesday
3/29/2016 10:00,81.66666667,7.841666667,75.41666667,Tuesday
3/29/2016 11:00,61.66666667,8.808333333,74.75,Tuesday
3/29/2016 12:00,103.3333333,9.183333333,70.08333333,Tuesday
3/29/2016 13:00,111.6666667,10.09166667,63.5,Tuesday
3/29/2016 14:00,108.3333333,10.825,60,Tuesday
3/29/2016 15:00,108.3333333,10.59166667,65,Tuesday
3/29/2016 16:00,121.6666667,11.29166667,67.41666667,Tuesday
3/29/2016 17:00,293.3333333,11.86666667,57.66666667,Tuesday
3/29/2016 18:00,108.3333333,11.76666667,55.5,Tuesday
3/30/2016 9:00,83.33333333,8.008333333,76.91666667,Wednesday
3/30/2016 10:00,98.33333333,8.675,71.5,Wednesday
3/30/2016 11:00,100,9.366666667,67.16666667,Wednesday
3/30/2016 12:00,105,9.725,64.75,Wednesday
3/30/2016 13:00,98.33333333,10.23333333,63.41666667,Wednesday
3/30/2016 14:00,88.33333333,10.65833333,64.83333333,Wednesday
3/30/2016 15:00,88.33333333,10.85,63.5,Wednesday
3/30/2016 16:00,61.66666667,11.11666667,62.91666667,Wednesday
3/30/2016 17:00,86.66666667,10.91666667,66.58333333,Wednesday
3/30/2016 18:00,195,10.59166667,64.75,Wednesday
3/31/2016 9:00,71.66666667,6.35,93.75,Thursday
3/31/2016 10:00,86.66666667,7.075,88.66666667,Thursday
3/31/2016 11:00,93.33333333,7.725,83.58333333,Thursday
3/31/2016 12:00,105,7.525,83.41666667,Thursday
3/31/2016 13:00,96.66666667,7.375,84.83333333,Thursday
3/31/2016 14:00,106.6666667,7.983333333,83.91666667,Thursday
3/31/2016 15:00,103.3333333,8.1,80.58333333,Thursday
3/31/2016 16:00,90,8.183333333,79.58333333,Thursday
3/31/2016 17:00,203.3333333,8.383333333,77.33333333,Thursday
3/31/2016 18:00,100,8.333333333,77.91666667,Thursday
4/1/2016 9:00,98.33333333,3.991666667,95.66666667,Friday
4/1/2016 10:00,196.6666667,5.766666667,89.75,Friday
4/1/2016 11:00,48.33333333,7.408333333,84.25,Friday
4/1/2016 12:00,40,8.983333333,76.91666667,Friday
4/1/2016 13:00,53.33333333,10.21666667,68.16666667,Friday
4/1/2016 14:00,51.66666667,10.75833333,58.75,Friday
4/1/2016 15:00,48.33333333,10.86666667,56.58333333,Friday
4/1/2016 16:00,45,10.85,57.25,Friday
4/1/2016 17:00,45,10.41666667,59.83333333,Friday
4/1/2016 18:00,48.33333333,10.175,62.66666667,Friday
4/2/2016 9:00,0,7.35,83.75,Saturday
4/2/2016 10:00,0,7.866666667,81.16666667,Saturday
4/2/2016 11:00,0,8.391666667,77.08333333,Saturday
4/2/2016 12:00,0,9.133333333,71.33333333,Saturday
4/2/2016 13:00,0,9.683333333,69.41666667,Saturday
4/2/2016 14:00,0,9.883333333,71.25,Saturday
4/2/2016 15:00,0,10.45833333,73,Saturday
4/2/2016 16:00,0,11.26666667,73.83333333,Saturday
4/2/2016 17:00,0,11.75,74.58333333,Saturday
4/2/2016 18:00,0,12.1,75.66666667,Saturday
4/3/2016 9:00,0,12.925,86.5,Sunday
4/3/2016 10:00,0,14.59166667,79.66666667,Sunday
4/3/2016 11:00,0,16.2,72.08333333,Sunday
4/3/2016 12:00,0,17.35833333,62.58333333,Sunday
4/3/2016 13:00,0,18.41666667,54.58333333,Sunday
4/3/2016 14:00,0,19.04166667,52.33333333,Sunday
4/3/2016 15:00,0,18.89166667,53.75,Sunday
4/3/2016 16:00,0,19.05833333,56.5,Sunday
4/3/2016 17:00,0,18.95,57.58333333,Sunday
4/3/2016 18:00,0,17.65,64.83333333,Sunday
4/4/2016 9:00,401.6666667,10.21666667,90.83333333,Monday
4/4/2016 10:00,230,10.475,88.25,Monday
4/4/2016 11:00,398.3333333,12,77.58333333,Monday
4/4/2016 12:00,418.3333333,13.48333333,68.33333333,Monday
4/4/2016 13:00,253.3333333,14.225,63.08333333,Monday
4/4/2016 14:00,420,15.1,59.83333333,Monday
4/4/2016 15:00,493.3333333,14.89166667,60.16666667,Monday
4/4/2016 16:00,481.6666667,14.89166667,56.91666667,Monday
4/4/2016 17:00,266.6666667,13.96666667,61.91666667,Monday
4/4/2016 18:00,145,12.6,74.66666667,Monday
4/5/2016 9:00,85,10.13333333,89.66666667,Tuesday
4/5/2016 10:00,78.33333333,10.76666667,84.58333333,Tuesday
4/5/2016 11:00,203.3333333,11.04166667,82.33333333,Tuesday
4/5/2016 12:00,126.6666667,11.18333333,79.16666667,Tuesday
4/5/2016 13:00,443.3333333,11.425,75.91666667,Tuesday
4/5/2016 14:00,161.6666667,12.26666667,69.66666667,Tuesday
4/5/2016 15:00,186.6666667,13.53333333,64.16666667,Tuesday
4/5/2016 16:00,246.6666667,13.625,63.83333333,Tuesday
4/5/2016 17:00,438.3333333,13.30833333,63.33333333,Tuesday
4/5/2016 18:00,400,13.39166667,61.83333333,Tuesday
4/6/2016 9:00,73.33333333,8.291666667,84.5,Wednesday
4/6/2016 10:00,83.33333333,9.608333333,76.41666667,Wednesday
4/6/2016 11:00,68.33333333,10.06666667,70.83333333,Wednesday
4/6/2016 12:00,103.3333333,10.38333333,70.33333333,Wednesday
4/6/2016 13:00,105,10.41666667,68.83333333,Wednesday
4/6/2016 14:00,108.3333333,10.71666667,70.83333333,Wednesday
4/6/2016 15:00,88.33333333,11.00833333,74.91666667,Wednesday
4/6/2016 16:00,101.6666667,10.89166667,79,Wednesday
4/6/2016 17:00,128.3333333,10.71666667,80.66666667,Wednesday
4/6/2016 18:00,251.6666667,9.983333333,78.83333333,Wednesday
4/7/2016 9:00,140,5.925,82.66666667,Thursday
4/7/2016 10:00,46.66666667,7.341666667,76.75,Thursday
4/7/2016 11:00,53.33333333,8.516666667,71.66666667,Thursday
4/7/2016 12:00,45,9.1,66.58333333,Thursday
4/7/2016 13:00,43.33333333,9.933333333,62.25,Thursday
4/7/2016 14:00,51.66666667,10.80833333,58.25,Thursday
4/7/2016 15:00,51.66666667,10.48333333,59.58333333,Thursday
4/7/2016 16:00,48.33333333,10.39166667,59.41666667,Thursday
4/7/2016 17:00,50,10.05833333,57.08333333,Thursday
4/7/2016 18:00,56.66666667,9.708333333,55.91666667,Thursday
4/8/2016 9:00,120,6.416666667,91.91666667,Friday
4/8/2016 10:00,238.3333333,8.25,83.58333333,Friday
4/8/2016 11:00,148.3333333,9.708333333,74.75,Friday
4/8/2016 12:00,186.6666667,9.633333333,71.33333333,Friday
4/8/2016 13:00,138.3333333,10.18333333,70.66666667,Friday
4/8/2016 14:00,88.33333333,10.425,70.5,Friday
4/8/2016 15:00,371.6666667,11.1,60.75,Friday
4/8/2016 16:00,320,11.175,59.08333333,Friday
4/8/2016 17:00,496.6666667,10.63333333,66.91666667,Friday
4/8/2016 18:00,185,10.43333333,69,Friday
4/9/2016 9:00,0,8.133333333,75.66666667,Saturday
4/9/2016 10:00,0,9.716666667,69.33333333,Saturday
4/9/2016 11:00,0,10.59166667,66.16666667,Saturday
4/9/2016 12:00,0,11.625,61.66666667,Saturday
4/9/2016 13:00,0,12.5,55.33333333,Saturday
4/9/2016 14:00,0,13.125,50.5,Saturday
4/9/2016 15:00,0,14.125,47.83333333,Saturday
4/9/2016 16:00,0,14.09166667,49.83333333,Saturday
4/9/2016 17:00,0,13.46666667,51.41666667,Saturday
4/9/2016 18:00,0,13.125,51.16666667,Saturday
4/10/2016 9:00,0,6.475,88.5,Sunday
4/10/2016 10:00,0,8.491666667,75.08333333,Sunday
4/10/2016 11:00,0,10.26666667,67.25,Sunday
4/10/2016 12:00,0,11.53333333,62,Sunday
4/10/2016 13:00,0,12.375,60.33333333,Sunday
4/10/2016 14:00,0,12.85833333,58.83333333,Sunday
4/10/2016 15:00,0,13.46666667,56.66666667,Sunday
4/10/2016 16:00,0,14.65,54.08333333,Sunday
4/10/2016 17:00,0,14.875,57.83333333,Sunday
4/10/2016 18:00,0,14.74166667,60.66666667,Sunday
4/11/2016 9:00,55,13.5,56.16666667,Monday
4/11/2016 10:00,85,14.65833333,53.75,Monday
4/11/2016 11:00,95,15.63333333,51.16666667,Monday
4/11/2016 12:00,78.33333333,16.30833333,50.41666667,Monday
4/11/2016 13:00,80,16.85,50.16666667,Monday
4/11/2016 14:00,80,17.45,49.41666667,Monday
4/11/2016 15:00,86.66666667,16.425,57.91666667,Monday
4/11/2016 16:00,88.33333333,14.83333333,67.75,Monday
4/11/2016 17:00,221.6666667,15.00833333,68.91666667,Monday
4/11/2016 18:00,100,14.89166667,71.33333333,Monday
4/12/2016 9:00,56.66666667,11.38333333,76.5,Tuesday
4/12/2016 10:00,61.66666667,12.74166667,70.5,Tuesday
4/12/2016 11:00,46.66666667,13.54166667,65.33333333,Tuesday
4/12/2016 12:00,60,14.30833333,59.25,Tuesday
4/12/2016 13:00,61.66666667,15.05,54.83333333,Tuesday
4/12/2016 14:00,60,14.40833333,58.91666667,Tuesday
4/12/2016 15:00,58.33333333,13.625,55.08333333,Tuesday
4/12/2016 16:00,123.3333333,12.80833333,49,Tuesday
4/12/2016 17:00,390,13.025,57.25,Tuesday
4/12/2016 18:00,433.3333333,13.44166667,59.41666667,Tuesday
4/13/2016 9:00,61.66666667,7.716666667,90.08333333,Wednesday
4/13/2016 10:00,68.33333333,9.008333333,81.83333333,Wednesday
4/13/2016 11:00,56.66666667,10.41666667,76,Wednesday
4/13/2016 12:00,56.66666667,10.75,79.75,Wednesday
4/13/2016 13:00,91.66666667,10.23333333,87.08333333,Wednesday
4/13/2016 14:00,75,10.04166667,90.41666667,Wednesday
4/13/2016 15:00,81.66666667,10.14166667,91,Wednesday
4/13/2016 16:00,118.3333333,10.11666667,91.41666667,Wednesday
4/13/2016 17:00,205,10.04166667,92,Wednesday
4/13/2016 18:00,250,10.51666667,80.33333333,Wednesday
4/14/2016 9:00,65,6.208333333,95.83333333,Thursday
4/14/2016 10:00,78.33333333,9.516666667,84.58333333,Thursday
4/14/2016 11:00,81.66666667,12.05,72.83333333,Thursday
4/14/2016 12:00,61.66666667,14.05,65.75,Thursday
4/14/2016 13:00,53.33333333,14.69166667,61.91666667,Thursday
4/14/2016 14:00,70,15.725,59,Thursday
4/14/2016 15:00,91.66666667,16.26666667,57.33333333,Thursday
4/14/2016 16:00,81.66666667,16.175,51.25,Thursday
4/14/2016 17:00,283.3333333,16.11666667,50.16666667,Thursday
4/14/2016 18:00,220,15.3,56.83333333,Thursday
4/15/2016 9:00,245,9.975,88.33333333,Friday
4/15/2016 10:00,351.6666667,10.75,83.91666667,Friday
4/15/2016 11:00,168.3333333,11.55833333,78.91666667,Friday
4/15/2016 12:00,76.66666667,13.03333333,73.5,Friday
4/15/2016 13:00,63.33333333,13.74166667,68.75,Friday
4/15/2016 14:00,71.66666667,13.6,63.25,Friday
4/15/2016 15:00,66.66666667,14.88333333,54.66666667,Friday
4/15/2016 16:00,83.33333333,15.51944444,51.52777778,Friday
4/15/2016 17:00,80,15.08611111,55.19444444,Friday
4/15/2016 18:00,210,14.65277778,58.86111111,Friday
4/16/2016 9:00,0,10.175,82.16666667,Saturday
4/16/2016 10:00,0,10.53333333,79.33333333,Saturday
4/16/2016 11:00,0,9.883333333,75.75,Saturday
4/16/2016 12:00,0,9.716666667,72.33333333,Saturday
4/16/2016 13:00,0,10.63333333,70,Saturday
4/16/2016 14:00,0,10.76666667,69.16666667,Saturday
4/16/2016 15:00,0,10.63333333,68,Saturday
4/16/2016 16:00,0,9.641666667,75.91666667,Saturday
4/16/2016 17:00,0,8.016666667,84.91666667,Saturday
4/16/2016 18:00,0,8.683333333,81.58333333,Saturday
4/17/2016 9:00,0,5.25,85.25,Sunday
4/17/2016 10:00,0,7.05,79.16666667,Sunday
4/17/2016 11:00,0,7.933333333,74.66666667,Sunday
4/17/2016 12:00,0,6.991666667,70.83333333,Sunday
4/17/2016 13:00,0,7.083333333,74.5,Sunday
4/17/2016 14:00,0,8.808333333,75.08333333,Sunday
4/17/2016 15:00,0,9.35,71,Sunday
4/17/2016 16:00,0,9.408333333,68.5,Sunday
4/17/2016 17:00,0,9.125,66.25,Sunday
4/17/2016 18:00,0,9.008333333,66.75,Sunday
4/18/2016 9:00,50,6.775,81.25,Monday
4/18/2016 10:00,51.66666667,8.458333333,71.83333333,Monday
4/18/2016 11:00,81.66666667,9.725,59.33333333,Monday
4/18/2016 12:00,48.33333333,10.89166667,47.91666667,Monday
4/18/2016 13:00,53.33333333,11.21666667,48.75,Monday
4/18/2016 14:00,40,11.1,53.58333333,Monday
4/18/2016 15:00,55,10.76666667,54.25,Monday
4/18/2016 16:00,70,10.63333333,54.75,Monday
4/18/2016 17:00,263.3333333,11.26666667,53.41666667,Monday
4/18/2016 18:00,131.6666667,11.54166667,53.16666667,Monday
4/19/2016 9:00,53.33333333,8.008333333,89.08333333,Tuesday
4/19/2016 10:00,38.33333333,9.541666667,82.08333333,Tuesday
4/19/2016 11:00,51.66666667,11.00833333,72.16666667,Tuesday
4/19/2016 12:00,51.66666667,12,62.33333333,Tuesday
4/19/2016 13:00,45,12.25,59.58333333,Tuesday
4/19/2016 14:00,48.33333333,12.80833333,56.91666667,Tuesday
4/19/2016 15:00,50,13.18333333,54.83333333,Tuesday
4/19/2016 16:00,51.66666667,12.96666667,56,Tuesday
4/19/2016 17:00,248.3333333,12.625,54.33333333,Tuesday
4/19/2016 18:00,128.3333333,12.59166667,51.16666667,Tuesday
4/20/2016 9:00,63.33333333,7.3,77.83333333,Wednesday
4/20/2016 10:00,65,9.075,69.08333333,Wednesday
4/20/2016 11:00,45,10.14166667,61.25,Wednesday
4/20/2016 12:00,46.66666667,11.44166667,56,Wednesday
4/20/2016 13:00,53.33333333,12.65833333,53.08333333,Wednesday
4/20/2016 14:00,173.3333333,13.71666667,44,Wednesday
4/20/2016 15:00,78.33333333,14.59166667,38.25,Wednesday
4/20/2016 16:00,71.66666667,15.16666667,36.25,Wednesday
4/20/2016 17:00,180,15.44166667,31.41666667,Wednesday
4/20/2016 18:00,285,15.20833333,33.66666667,Wednesday
4/21/2016 9:00,51.66666667,9.133333333,68.75,Thursday
4/21/2016 10:00,51.66666667,11.21666667,62.83333333,Thursday
4/21/2016 11:00,55,13.29166667,57.41666667,Thursday
4/21/2016 12:00,50,15.15,52.16666667,Thursday
4/21/2016 13:00,61.66666667,16.575,42.33333333,Thursday
4/21/2016 14:00,61.66666667,17.68333333,40,Thursday
4/21/2016 15:00,63.33333333,18.625,38.33333333,Thursday
4/21/2016 16:00,86.66666667,18.675,36.41666667,Thursday
4/21/2016 17:00,201.6666667,18.375,40.33333333,Thursday
4/21/2016 18:00,180,17.78333333,46.25,Thursday
4/22/2016 9:00,381.6666667,9.6,71.08333333,Friday
4/22/2016 10:00,398.3333333,10.63333333,66.58333333,Friday
4/22/2016 11:00,265,10.975,67.66666667,Friday
4/22/2016 12:00,345,11.21666667,68.33333333,Friday
4/22/2016 13:00,280,12.25833333,63.91666667,Friday
4/22/2016 14:00,88.33333333,13.10833333,58.08333333,Friday
4/22/2016 15:00,276.6666667,13.44166667,56.5,Friday
4/22/2016 16:00,291.6666667,13.375,58.75,Friday
4/22/2016 17:00,381.6666667,13.11666667,57,Friday
4/22/2016 18:00,193.3333333,12.91666667,57.41666667,Friday
4/23/2016 9:00,0,6.591666667,78.25,Saturday
4/23/2016 10:00,0,7.5,70.5,Saturday
4/23/2016 11:00,0,8.325,64.91666667,Saturday
4/23/2016 12:00,0,8.5,61.16666667,Saturday
4/23/2016 13:00,0,8.875,57.5,Saturday
4/23/2016 14:00,0,9.9,51.08333333,Saturday
4/23/2016 15:00,0,9.933333333,49.5,Saturday
4/23/2016 16:00,0,8.916666667,52.16666667,Saturday
4/23/2016 17:00,0,8.466666667,50.16666667,Saturday
4/23/2016 18:00,0,8.208333333,48.16666667,Saturday
4/24/2016 9:00,0,4.375,85.91666667,Sunday
4/24/2016 10:00,0,4.941666667,81.75,Sunday
4/24/2016 11:00,0,4.875,84.16666667,Sunday
4/24/2016 12:00,0,5.283333333,85,Sunday
4/24/2016 13:00,0,4.891666667,83.83333333,Sunday
4/24/2016 14:00,0,4.825,83.25,Sunday
4/24/2016 15:00,0,6.891666667,68.91666667,Sunday
4/24/2016 16:00,0,6.183333333,71.41666667,Sunday
4/24/2016 17:00,0,6.308333333,73.58333333,Sunday
4/24/2016 18:00,0,7.383333333,65.16666667,Sunday
4/25/2016 9:00,58.33333333,4.916666667,87.58333333,Monday
4/25/2016 10:00,61.66666667,5.5,89.08333333,Monday
4/25/2016 11:00,63.33333333,6.041666667,91.58333333,Monday
4/25/2016 12:00,66.66666667,7.508333333,86,Monday
4/25/2016 13:00,51.66666667,8.666666667,79.83333333,Monday
4/25/2016 14:00,65,8.316666667,83.91666667,Monday
4/25/2016 15:00,65,7.208333333,90.5,Monday
4/25/2016 16:00,73.33333333,7.341666667,92.33333333,Monday
4/25/2016 17:00,188.3333333,8.058333333,91.66666667,Monday
4/25/2016 18:00,123.3333333,6.958333333,93.58333333,Monday
4/26/2016 9:00,56.66666667,4.625,76.75,Tuesday
4/26/2016 10:00,40,5.666666667,75.20833333,Tuesday
4/26/2016 11:00,50,6.066666667,75.70833333,Tuesday
4/26/2016 12:00,55,5.8,78.08333333,Tuesday
4/26/2016 13:00,50,5.058333333,80.58333333,Tuesday
4/26/2016 14:00,40,4.625,80.83333333,Tuesday
4/26/2016 15:00,53.33333333,4.6,78.66666667,Tuesday
4/26/2016 16:00,80,5.175,74.41666667,Tuesday
4/26/2016 17:00,260,5.958333333,67.08333333,Tuesday
4/26/2016 18:00,91.66666667,6.925,57.66666667,Tuesday
4/27/2016 9:00,80,3.741666667,92.16666667,Wednesday
4/27/2016 10:00,83.33333333,5.666666667,86,Wednesday
4/27/2016 11:00,48.33333333,6.925,78.16666667,Wednesday
4/27/2016 12:00,65,6.858333333,75.33333333,Wednesday
4/27/2016 13:00,96.66666667,7.625,70.91666667,Wednesday
4/27/2016 14:00,73.33333333,7.8,67.58333333,Wednesday
4/27/2016 15:00,95,8.591666667,64.91666667,Wednesday
4/27/2016 16:00,95,8.7,64.08333333,Wednesday
4/27/2016 17:00,101.6666667,7.175,65.33333333,Wednesday
4/27/2016 18:00,163.3333333,7.541666667,62.16666667,Wednesday
4/28/2016 9:00,66.66666667,5.358333333,80.91666667,Thursday
4/28/2016 10:00,78.33333333,6.354166667,75.29166667,Thursday
4/28/2016 11:00,56.66666667,7.204166667,68.79166667,Thursday
4/28/2016 12:00,40,6.533333333,69.58333333,Thursday
4/28/2016 13:00,55,5.670833333,74.95833333,Thursday
4/28/2016 14:00,50,7.520833333,72.45833333,Thursday
4/28/2016 15:00,63.33333333,8.183333333,71,Thursday
4/28/2016 16:00,186.6666667,8.433333333,64.33333333,Thursday
4/28/2016 17:00,268.3333333,9.808333333,51.25,Thursday
4/28/2016 18:00,391.6666667,9.975,43.91666667,Thursday
4/29/2016 9:00,55,7.216666667,77.66666667,Friday
4/29/2016 10:00,38.33333333,7.266666667,81.25,Friday
4/29/2016 11:00,286.6666667,7.333333333,86.75,Friday
4/29/2016 12:00,196.6666667,7.725,89.5,Friday
4/29/2016 13:00,183.3333333,8.141666667,86.83333333,Friday
4/29/2016 14:00,201.6666667,7.708333333,82.16666667,Friday
4/29/2016 15:00,55,7.833333333,79,Friday
4/29/2016 16:00,78.33333333,7.933333333,86.41666667,Friday
4/29/2016 17:00,188.3333333,8.775,83.25,Friday
4/29/2016 18:00,155,9.341666667,78.41666667,Friday
4/30/2016 9:00,0,6.575,85.91666667,Saturday
4/30/2016 10:00,0,7.475,80.91666667,Saturday
4/30/2016 11:00,0,8.291666667,76.33333333,Saturday
4/30/2016 12:00,0,9.033333333,71.5,Saturday
4/30/2016 13:00,0,9.916666667,65.91666667,Saturday
4/30/2016 14:00,0,10.5,61.33333333,Saturday
4/30/2016 15:00,0,10.58333333,60.25,Saturday
4/30/2016 16:00,0,10.61666667,62.83333333,Saturday
4/30/2016 17:00,0,10.16666667,65.25,Saturday
4/30/2016 18:00,0,9.658333333,67,Saturday
5/1/2016 9:00,0,7.158333333,79.58333333,Sunday
5/1/2016 10:00,0,8.341666667,69.08333333,Sunday
5/1/2016 11:00,0,9.516666667,67.91666667,Sunday
5/1/2016 12:00,0,10.51666667,64.91666667,Sunday
5/1/2016 13:00,0,11.35,54.16666667,Sunday
5/1/2016 14:00,0,11.99166667,48.83333333,Sunday
5/1/2016 15:00,0,12.69166667,43.41666667,Sunday
5/1/2016 16:00,0,13.39166667,42.33333333,Sunday
5/1/2016 17:00,0,13.75833333,39.16666667,Sunday
5/1/2016 18:00,0,13.53333333,38.83333333,Sunday
5/2/2016 9:00,55,9.583333333,66.16666667,Monday
5/2/2016 10:00,53.33333333,11.87083333,53.83333333,Monday
5/2/2016 11:00,51.66666667,13.72083333,43.83333333,Monday
5/2/2016 12:00,81.66666667,15.07083333,37.375,Monday
5/2/2016 13:00,81.66666667,15.72083333,35.875,Monday
5/2/2016 14:00,80,16.30833333,33.75,Monday
5/2/2016 15:00,81.66666667,16.64166667,33.25,Monday
5/2/2016 16:00,105,16.61666667,40.41666667,Monday
5/2/2016 17:00,265,16.29166667,50.91666667,Monday
5/2/2016 18:00,126.6666667,15.5,60,Monday
5/3/2016 9:00,40,9.716666667,77.83333333,Tuesday
5/3/2016 10:00,51.66666667,10.46666667,67.41666667,Tuesday
5/3/2016 11:00,53.33333333,10.95,58.91666667,Tuesday
5/3/2016 12:00,53.33333333,11.8,54.33333333,Tuesday
5/3/2016 13:00,40,12.58333333,49.5,Tuesday
5/3/2016 14:00,56.66666667,13.03333333,44.33333333,Tuesday
5/3/2016 15:00,50,13.79166667,41.58333333,Tuesday
5/3/2016 16:00,65,14.11666667,40.16666667,Tuesday
5/3/2016 17:00,245,14.125,38.58333333,Tuesday
5/3/2016 18:00,133.3333333,14.00833333,38.83333333,Tuesday
5/4/2016 9:00,71.66666667,9.933333333,65.91666667,Wednesday
5/4/2016 10:00,83.33333333,11.93333333,58,Wednesday
5/4/2016 11:00,76.66666667,13.64166667,48.5,Wednesday
5/4/2016 12:00,65,14.44166667,42.91666667,Wednesday
5/4/2016 13:00,70,14.91666667,38.33333333,Wednesday
5/4/2016 14:00,70,15.375,35.58333333,Wednesday
5/4/2016 15:00,68.33333333,15.40833333,35,Wednesday
5/4/2016 16:00,81.66666667,15.86666667,35,Wednesday
5/4/2016 17:00,113.3333333,16.1,34.58333333,Wednesday
5/4/2016 18:00,133.3333333,15.89166667,36.5,Wednesday
5/5/2016 9:00,85,12.13333333,50.91666667,Thursday
5/5/2016 10:00,96.66666667,14.00833333,44.25,Thursday
5/5/2016 11:00,88.33333333,15.54166667,37.75,Thursday
5/5/2016 12:00,103.3333333,16.71666667,34.33333333,Thursday
5/5/2016 13:00,41.66666667,17.38333333,30.33333333,Thursday
5/5/2016 14:00,55,18.29166667,28.41666667,Thursday
5/5/2016 15:00,58.33333333,19.275,29.83333333,Thursday
5/5/2016 16:00,51.66666667,19.225,30.58333333,Thursday
5/5/2016 17:00,203.3333333,19.275,30,Thursday
5/5/2016 18:00,161.6666667,19.1,31.66666667,Thursday
5/6/2016 9:00,273.3333333,15.11666667,64.33333333,Friday
5/6/2016 10:00,90,17.06666667,52.91666667,Friday
5/6/2016 11:00,110,18.625,49.16666667,Friday
5/6/2016 12:00,138.3333333,20,46.33333333,Friday
5/6/2016 13:00,80,21.03333333,42.33333333,Friday
5/6/2016 14:00,160,21.83333333,39.58333333,Friday
5/6/2016 15:00,75,22.34166667,37.75,Friday
5/6/2016 16:00,70,22.56666667,36.41666667,Friday
5/6/2016 17:00,93.33333333,22.63333333,39.5,Friday
5/6/2016 18:00,176.6666667,22.44166667,43,Friday
5/7/2016 9:00,0,18.01666667,55.08333333,Saturday
5/7/2016 10:00,0,20.3,46,Saturday
5/7/2016 11:00,0,22.11666667,37.33333333,Saturday
5/7/2016 12:00,0,23.03333333,32.5,Saturday
5/7/2016 13:00,0,23.70833333,28.58333333,Saturday
5/7/2016 14:00,0,24.25,26.75,Saturday
5/7/2016 15:00,0,24.93333333,25.83333333,Saturday
5/7/2016 16:00,0,25.275,26.58333333,Saturday
5/7/2016 17:00,0,24.05833333,32.66666667,Saturday
5/7/2016 18:00,0,23.1,39.5,Saturday
5/8/2016 9:00,0,19.49166667,57.08333333,Sunday
5/8/2016 10:00,0,21.64166667,50.5,Sunday
5/8/2016 11:00,0,23.225,46.58333333,Sunday
5/8/2016 12:00,0,23.9,44.33333333,Sunday
5/8/2016 13:00,0,24.89166667,38.66666667,Sunday
5/8/2016 14:00,0,25.05,33.58333333,Sunday
5/8/2016 15:00,0,24.575,33,Sunday
5/8/2016 16:00,0,25.10833333,32.16666667,Sunday
5/8/2016 17:00,0,25.93333333,28.08333333,Sunday
5/8/2016 18:00,0,25.45,25.25,Sunday
5/9/2016 9:00,66.66666667,17.975,57.66666667,Monday
5/9/2016 10:00,55,19.78333333,50.91666667,Monday
5/9/2016 11:00,61.66666667,21.225,47.16666667,Monday
5/9/2016 12:00,135,22.1,46.83333333,Monday
5/9/2016 13:00,173.3333333,22.39166667,46.75,Monday
5/9/2016 14:00,88.33333333,22.675,46.66666667,Monday
5/9/2016 15:00,70,22.375,49.41666667,Monday
5/9/2016 16:00,78.33333333,22.825,47.08333333,Monday
5/9/2016 17:00,268.3333333,23.40833333,42.58333333,Monday
5/9/2016 18:00,120,22.66666667,43.25,Monday
5/10/2016 9:00,55,16.05,90,Tuesday
5/10/2016 10:00,53.33333333,16.48333333,89.16666667,Tuesday
5/10/2016 11:00,56.66666667,16.85,86.33333333,Tuesday
5/10/2016 12:00,58.33333333,17.49166667,84.83333333,Tuesday
5/10/2016 13:00,53.33333333,17.525,86.83333333,Tuesday
5/10/2016 14:00,53.33333333,17.875,83,Tuesday
5/10/2016 15:00,56.66666667,19.35,74.33333333,Tuesday
5/10/2016 16:00,63.33333333,19.74166667,70.33333333,Tuesday
5/10/2016 17:00,126.6666667,19.46666667,70.08333333,Tuesday
5/10/2016 18:00,101.6666667,18.875,75.91666667,Tuesday
5/11/2016 9:00,65,16.26666667,85.25,Wednesday
5/11/2016 10:00,63.33333333,17.61666667,78.33333333,Wednesday
5/11/2016 11:00,55,19.075,71.83333333,Wednesday
5/11/2016 12:00,56.66666667,20.50833333,65.58333333,Wednesday
5/11/2016 13:00,73.33333333,21.21666667,61.25,Wednesday
5/11/2016 14:00,80,21.88333333,55.58333333,Wednesday
5/11/2016 15:00,76.66666667,22.70833333,51.66666667,Wednesday
5/11/2016 16:00,75,23.28333333,50.75,Wednesday
5/11/2016 17:00,91.66666667,22.40833333,57.25,Wednesday
5/11/2016 18:00,101.6666667,20.45833333,59.83333333,Wednesday
5/12/2016 9:00,48.33333333,16.03333333,83,Thursday
5/12/2016 10:00,58.33333333,16.54166667,75.16666667,Thursday
5/12/2016 11:00,50,17.30833333,70.25,Thursday
5/12/2016 12:00,55,18.925,63.33333333,Thursday
5/12/2016 13:00,56.66666667,20.3,58.5,Thursday
5/12/2016 14:00,56.66666667,21.08333333,55.83333333,Thursday
5/12/2016 15:00,68.33333333,21.2,57.41666667,Thursday
5/12/2016 16:00,118.3333333,21.2,57.58333333,Thursday
5/12/2016 17:00,208.3333333,21.2,55.75,Thursday
5/12/2016 18:00,105,20.40833333,56.5,Thursday
5/13/2016 9:00,93.33333333,16.35833333,78.91666667,Friday
5/13/2016 10:00,73.33333333,17.75,75.16666667,Friday
5/13/2016 11:00,355,19.38333333,70.25,Friday
5/13/2016 12:00,301.6666667,20.61666667,63.75,Friday
5/13/2016 13:00,268.3333333,21.24166667,59.5,Friday
5/13/2016 14:00,318.3333333,22.05,51.41666667,Friday
5/13/2016 15:00,201.6666667,23.1,45,Friday
5/13/2016 16:00,351.6666667,23.1,45,Friday
5/13/2016 17:00,231.6666667,22.51666667,45.83333333,Friday
5/13/2016 18:00,348.3333333,20.99166667,48.25,Friday
5/14/2016 9:00,0,9.041666667,62.08333333,Saturday
5/14/2016 10:00,0,9.516666667,60.83333333,Saturday
5/14/2016 11:00,0,10.39166667,55,Saturday
5/14/2016 12:00,0,10.55,55.83333333,Saturday
5/14/2016 13:00,0,10.99166667,53.66666667,Saturday
5/14/2016 14:00,0,12.1,48.16666667,Saturday
5/14/2016 15:00,0,12.1,47.41666667,Saturday
5/14/2016 16:00,0,12.01666667,49.25,Saturday
5/14/2016 17:00,0,11.775,50.58333333,Saturday
5/14/2016 18:00,0,11.05833333,52.08333333,Saturday
5/15/2016 9:00,0,8.575,67.16666667,Sunday
5/15/2016 10:00,0,9.475,63.91666667,Sunday
5/15/2016 11:00,0,10.25,59.75,Sunday
5/15/2016 12:00,0,10.89166667,56.75,Sunday
5/15/2016 13:00,0,11.84166667,52.5,Sunday
5/15/2016 14:00,0,12.68333333,48.58333333,Sunday
5/15/2016 15:00,0,13.13333333,48,Sunday
5/15/2016 16:00,0,13.6,46.75,Sunday
5/15/2016 17:00,0,13.05833333,49.16666667,Sunday
5/15/2016 18:00,0,11.8,59.16666667,Sunday
5/16/2016 9:00,70,8.416666667,83.08333333,Monday
5/16/2016 10:00,148.3333333,8.425,78.16666667,Monday
5/16/2016 11:00,103.3333333,8.891666667,74.5,Monday
5/16/2016 12:00,206.6666667,9.925,67.66666667,Monday
5/16/2016 13:00,266.6666667,11.63333333,60.5,Monday
5/16/2016 14:00,88.33333333,12.8,55.33333333,Monday
5/16/2016 15:00,111.6666667,13.21666667,53,Monday
5/16/2016 16:00,88.33333333,13.96666667,49.66666667,Monday
5/16/2016 17:00,243.3333333,14.36666667,44.58333333,Monday
5/16/2016 18:00,155,14.43333333,45.25,Monday
5/17/2016 9:00,51.66666667,11.01666667,83.91666667,Tuesday
5/17/2016 10:00,53.33333333,12.64166667,76.83333333,Tuesday
5/17/2016 11:00,51.66666667,14.80833333,68.08333333,Tuesday
5/17/2016 12:00,53.33333333,16.3,60.66666667,Tuesday
5/17/2016 13:00,41.66666667,16.66666667,57.66666667,Tuesday
5/17/2016 14:00,53.33333333,16.28333333,60.41666667,Tuesday
5/17/2016 15:00,51.66666667,16.275,61.625,Tuesday
5/17/2016 16:00,66.66666667,15.975,63.125,Tuesday
5/17/2016 17:00,153.3333333,15.675,64.625,Tuesday
5/17/2016 18:00,100,15.375,66.125,Tuesday
5/18/2016 9:00,65,13.93333333,73.66666667,Wednesday
5/18/2016 10:00,58.33333333,15.39166667,68.16666667,Wednesday
5/18/2016 11:00,70,15.96666667,67,Wednesday
5/18/2016 12:00,56.66666667,16.2,63.66666667,Wednesday
5/18/2016 13:00,86.66666667,16.61666667,58.16666667,Wednesday
5/18/2016 14:00,81.66666667,17.325,56.58333333,Wednesday
5/18/2016 15:00,83.33333333,17.625,54.33333333,Wednesday
5/18/2016 16:00,105,17.25833333,52.83333333,Wednesday
5/18/2016 17:00,118.3333333,15.95833333,57.33333333,Wednesday
5/18/2016 18:00,178.3333333,14.075,74.08333333,Wednesday
5/19/2016 9:00,36.66666667,10.01666667,85.79166667,Thursday
5/19/2016 10:00,55,11.1,79.08333333,Thursday
5/19/2016 11:00,51.66666667,12.21666667,71.66666667,Thursday
5/19/2016 12:00,55,13.84166667,62,Thursday
5/19/2016 13:00,50,15.675,52.91666667,Thursday
5/19/2016 14:00,63.33333333,16.7,47.91666667,Thursday
5/19/2016 15:00,81.66666667,17.025,47.91666667,Thursday
5/19/2016 16:00,90,16.91666667,49.08333333,Thursday
5/19/2016 17:00,208.3333333,17.70833333,45.83333333,Thursday
5/19/2016 18:00,120,17.83333333,47.41666667,Thursday
5/20/2016 9:00,73.33333333,13.68333333,85.58333333,Friday
5/20/2016 10:00,81.66666667,13.925,85,Friday
5/20/2016 11:00,73.33333333,14.05833333,87.91666667,Friday
5/20/2016 12:00,71.66666667,14.33333333,91.58333333,Friday
5/20/2016 13:00,61.66666667,15.3,89.33333333,Friday
5/20/2016 14:00,60,15.91666667,85.75,Friday
5/20/2016 15:00,46.66666667,16.21666667,81.08333333,Friday
5/20/2016 16:00,48.33333333,17.3,73.25,Friday
5/20/2016 17:00,75,18.125,64.25,Friday
5/20/2016 18:00,78.33333333,18.34166667,58.16666667,Friday
5/21/2016 9:00,0,16.525,81.66666667,Saturday
5/21/2016 10:00,0,17.85833333,72.83333333,Saturday
5/21/2016 11:00,0,18.83333333,66.16666667,Saturday
5/21/2016 12:00,0,19.63333333,64.58333333,Saturday
5/21/2016 13:00,0,20.68333333,61.08333333,Saturday
5/21/2016 14:00,0,21.75,56.58333333,Saturday
5/21/2016 15:00,0,22.35,53.5,Saturday
5/21/2016 16:00,0,22.86666667,49.58333333,Saturday
5/21/2016 17:00,0,22.975,51.08333333,Saturday
5/21/2016 18:00,0,22.50833333,54.83333333,Saturday
5/22/2016 9:00,0,15.59166667,93,Sunday
5/22/2016 10:00,0,15.91666667,93.41666667,Sunday
5/22/2016 11:00,0,15.88333333,92.75,Sunday
5/22/2016 12:00,0,15.91666667,91,Sunday
5/22/2016 13:00,0,16.00833333,90.16666667,Sunday
5/22/2016 14:00,0,16.55,87.33333333,Sunday
5/22/2016 15:00,0,16.60833333,87.08333333,Sunday
5/22/2016 16:00,0,16.325,90,Sunday
5/22/2016 17:00,0,16.20833333,91.66666667,Sunday
5/22/2016 18:00,0,15.925,94,Sunday
5/23/2016 9:00,55,12.15,88.66666667,Monday
5/23/2016 10:00,51.66666667,12.70833333,84,Monday
5/23/2016 11:00,56.66666667,12.95833333,84,Monday
5/23/2016 12:00,61.66666667,13.48333333,79,Monday
5/23/2016 13:00,56.66666667,14.71666667,71.58333333,Monday
5/23/2016 14:00,58.33333333,15.25833333,70.16666667,Monday
5/23/2016 15:00,73.33333333,15.03333333,70.66666667,Monday
5/23/2016 16:00,156.6666667,14.84166667,71.33333333,Monday
5/23/2016 17:00,380,14.81666667,71.08333333,Monday
5/23/2016 18:00,123.3333333,14.49166667,74,Monday
5/24/2016 9:00,38.33333333,10.54166667,82,Tuesday
5/24/2016 10:00,66.66666667,10.64166667,81.16666667,Tuesday
5/24/2016 11:00,101.6666667,11.11666667,77.91666667,Tuesday
5/24/2016 12:00,128.3333333,12.15833333,72.5,Tuesday
5/24/2016 13:00,118.3333333,13.13333333,69.41666667,Tuesday
5/24/2016 14:00,150,13.975,68.75,Tuesday
5/24/2016 15:00,141.6666667,14.375,66.16666667,Tuesday
5/24/2016 16:00,141.6666667,14.075,65.83333333,Tuesday
5/24/2016 17:00,203.3333333,14.025,66.58333333,Tuesday
5/24/2016 18:00,136.6666667,13.825,65.58333333,Tuesday
5/25/2016 9:00,90,9.716666667,81.25,Wednesday
5/25/2016 10:00,78.33333333,11.25833333,69.75,Wednesday
5/25/2016 11:00,50,12.89166667,61.83333333,Wednesday
5/25/2016 12:00,60,13.55,63.83333333,Wednesday
5/25/2016 13:00,71.66666667,14.23333333,61.66666667,Wednesday
5/25/2016 14:00,80,14.7,57.41666667,Wednesday
5/25/2016 15:00,80,15.2,57.16666667,Wednesday
5/25/2016 16:00,231.6666667,15.94166667,53.91666667,Wednesday
5/25/2016 17:00,118.3333333,16.20833333,53.08333333,Wednesday
5/25/2016 18:00,156.6666667,16.45833333,55.58333333,Wednesday
5/26/2016 9:00,276.6666667,12,93.58333333,Thursday
5/26/2016 10:00,265,15.18333333,80.16666667,Thursday
5/26/2016 11:00,243.3333333,16.99166667,69.08333333,Thursday
5/26/2016 12:00,221.6666667,18.19166667,60,Thursday
5/26/2016 13:00,75,19.50833333,50.91666667,Thursday
5/26/2016 14:00,68.33333333,19.96666667,48.83333333,Thursday
5/26/2016 15:00,61.66666667,20.61666667,49.16666667,Thursday
5/26/2016 16:00,495,20.99166667,46.75,Thursday
5/26/2016 17:00,440,20.86666667,45.41666667,Thursday
5/26/2016 18:00,215,20.93333333,47.25,Thursday
5/27/2016 9:00,251.6666667,15.6,80.33333333,Friday
5/27/2016 10:00,251.6666667,17.09166667,75.08333333,Friday
5/27/2016 11:00,310,18.95,69.33333333,Friday
5/27/2016 12:00,185,20.45833333,64.08333333,Friday
5/27/2016 13:00,265,21.475,59.58333333,Friday
5/27/2016 14:00,101.6666667,21.91666667,59,Friday
5/27/2016 15:00,76.66666667,22.21666667,57.33333333,Friday
5/27/2016 16:00,135,22.88333333,55,Friday
5/27/2016 17:00,180,22.66666667,55.83333333,Friday
5/27/2016 18:00,430,22.2,57,Friday
